Sensor_ID,Y,X,time_stamp,temperature,pm2.5_atm,cluster,reclassified_cluster
108274,45.030721,-93.393912,2022-07-04T00:00:00Z,86.95,8.819500000000001,0,C1 (<12)
108364,44.878977,-93.354913,2022-07-04T00:00:00Z,,12.1965,3,C4 (>55.4)
43305,44.898873,-93.302307,2022-07-04T00:00:00Z,84.911,12.283,3,C4 (>55.4)
11134,44.927815,-93.322808,2022-07-04T00:00:00Z,32.0,12.677,3,C4 (>55.4)
145250,44.9681144,-93.3170144,2022-07-04T00:00:00Z,83.555,18.1325,1,C2 (12.1-35.4)
143648,45.03,-93.292549,2022-07-04T00:00:00Z,84.733,13.645,3,C4 (>55.4)
54907,45.00335341,-93.25570528,2022-07-04T00:00:00Z,84.128,10.902,3,C4 (>55.4)
143242,44.9675165,-93.2114928,2022-07-04T00:00:00Z,83.289,9.523,0,C1 (<12)
143214,44.9063869,-93.2323539,2022-07-04T00:00:00Z,84.328,11.293,3,C4 (>55.4)
145470,44.908042,-93.2313388,2022-07-04T00:00:00Z,82.856,12.762,3,C4 (>55.4)
46215,44.9100027,-93.2322485,2022-07-04T00:00:00Z,79.722,1.748,5,C6 (>500)
108366,44.8798835,-93.3896065,2022-07-04T00:00:00Z,83.75,13.0955,3,C4 (>55.4)
143226,44.9114735,-93.2251173,2022-07-04T00:00:00Z,86.005,12.153,3,C4 (>55.4)
3088,44.935901,-93.21761,2022-07-04T00:00:00Z,86.972,8.393,0,C1 (<12)
142720,44.956349,-93.255908,2022-07-04T00:00:00Z,84.733,16.664,1,C2 (12.1-35.4)
21179,44.9659784,-93.284883,2022-07-04T00:00:00Z,84.583,10.9525,3,C4 (>55.4)
17189,44.9812848,-93.2716517,2022-07-04T00:00:00Z,85.978,3.805,5,C6 (>500)
107082,44.9202,-93.17529,2022-07-04T00:00:00Z,82.105,3.632,5,C6 (>500)
128195,44.935632,-93.186259,2022-07-04T00:00:00Z,85.006,5.500500000000001,5,C6 (>500)
85113,44.9364071,-93.1789915,2022-07-04T00:00:00Z,85.928,11.572,3,C4 (>55.4)
107096,44.94275,-93.1704394,2022-07-04T00:00:00Z,86.022,6.139,0,C1 (<12)
126487,45.0386,-93.2142,2022-07-04T00:00:00Z,84.484,6.6185,0,C1 (<12)
23989,45.112031,-93.277993,2022-07-04T00:00:00Z,83.267,14.9545,1,C2 (12.1-35.4)
113486,44.927942,-93.254285,2022-07-04T00:00:00Z,85.839,9.2325,0,C1 (<12)
147749,44.955786,-93.385116,2022-07-04T00:00:00Z,81.6695,3.076,5,C6 (>500)
75827,44.932755,-93.140978,2022-07-04T00:00:00Z,87.35,10.5375,3,C4 (>55.4)
75827,44.932755,-93.140978,2022-07-04T06:00:00Z,82.461,10.879,3,C4 (>55.4)
54907,45.00335341,-93.25570528,2022-07-04T06:00:00Z,78.761,11.833,3,C4 (>55.4)
126487,45.0386,-93.2142,2022-07-04T06:00:00Z,79.544,7.317,0,C1 (<12)
43305,44.898873,-93.302307,2022-07-04T06:00:00Z,79.183,12.39,3,C4 (>55.4)
23989,45.112031,-93.277993,2022-07-04T06:00:00Z,79.2,10.963,3,C4 (>55.4)
108366,44.8798835,-93.3896065,2022-07-04T06:00:00Z,78.778,12.6725,3,C4 (>55.4)
107096,44.94275,-93.1704394,2022-07-04T06:00:00Z,85.0,3.495,5,C6 (>500)
85113,44.9364071,-93.1789915,2022-07-04T06:00:00Z,80.15,12.5205,3,C4 (>55.4)
142720,44.956349,-93.255908,2022-07-04T06:00:00Z,79.389,12.8265,3,C4 (>55.4)
3088,44.935901,-93.21761,2022-07-04T06:00:00Z,81.472,7.577500000000001,0,C1 (<12)
145470,44.908042,-93.2313388,2022-07-04T06:00:00Z,76.706,12.869,3,C4 (>55.4)
113486,44.927942,-93.254285,2022-07-04T06:00:00Z,80.528,7.729999999999999,0,C1 (<12)
143214,44.9063869,-93.2323539,2022-07-04T06:00:00Z,78.789,12.138,3,C4 (>55.4)
108364,44.878977,-93.354913,2022-07-04T06:00:00Z,,12.274,3,C4 (>55.4)
143242,44.9675165,-93.2114928,2022-07-04T06:00:00Z,79.1,11.436,3,C4 (>55.4)
11134,44.927815,-93.322808,2022-07-04T06:00:00Z,32.0,11.683,3,C4 (>55.4)
21179,44.9659784,-93.284883,2022-07-04T06:00:00Z,79.25,10.9535,3,C4 (>55.4)
147749,44.955786,-93.385116,2022-07-04T06:00:00Z,81.997,0.4425,5,C6 (>500)
17189,44.9812848,-93.2716517,2022-07-04T06:00:00Z,86.886,4.096,5,C6 (>500)
143226,44.9114735,-93.2251173,2022-07-04T06:00:00Z,79.433,12.6205,3,C4 (>55.4)
107082,44.9202,-93.17529,2022-07-04T06:00:00Z,82.017,4.041,5,C6 (>500)
108274,45.030721,-93.393912,2022-07-04T06:00:00Z,82.278,5.648,5,C6 (>500)
46215,44.9100027,-93.2322485,2022-07-04T06:00:00Z,80.945,4.0025,5,C6 (>500)
143648,45.03,-93.292549,2022-07-04T06:00:00Z,78.961,12.245,3,C4 (>55.4)
145250,44.9681144,-93.3170144,2022-07-04T06:00:00Z,78.5,13.9995,3,C4 (>55.4)
128195,44.935632,-93.186259,2022-07-04T06:00:00Z,79.561,7.6485,0,C1 (<12)
23989,45.112031,-93.277993,2022-07-04T12:00:00Z,78.166,12.9705,3,C4 (>55.4)
107082,44.9202,-93.17529,2022-07-04T12:00:00Z,82.0,4.57,5,C6 (>500)
108364,44.878977,-93.354913,2022-07-04T12:00:00Z,,10.155,3,C4 (>55.4)
145250,44.9681144,-93.3170144,2022-07-04T12:00:00Z,77.383,14.292,1,C2 (12.1-35.4)
3088,44.935901,-93.21761,2022-07-04T12:00:00Z,81.162,7.8455,0,C1 (<12)
107096,44.94275,-93.1704394,2022-07-04T12:00:00Z,85.189,21.135,2,C3 (35.5-55.4)
143648,45.03,-93.292549,2022-07-04T12:00:00Z,78.555,14.259,1,C2 (12.1-35.4)
11134,44.927815,-93.322808,2022-07-04T12:00:00Z,32.0,10.9005,3,C4 (>55.4)
128195,44.935632,-93.186259,2022-07-04T12:00:00Z,79.872,11.591,3,C4 (>55.4)
17189,44.9812848,-93.2716517,2022-07-04T12:00:00Z,87.522,4.584,5,C6 (>500)
43305,44.898873,-93.302307,2022-07-04T12:00:00Z,77.672,12.757,3,C4 (>55.4)
54907,45.00335341,-93.25570528,2022-07-04T12:00:00Z,78.361,12.91,3,C4 (>55.4)
21179,44.9659784,-93.284883,2022-07-04T12:00:00Z,77.078,18.548,1,C2 (12.1-35.4)
85113,44.9364071,-93.1789915,2022-07-04T12:00:00Z,80.761,15.6585,1,C2 (12.1-35.4)
143242,44.9675165,-93.2114928,2022-07-04T12:00:00Z,76.583,13.812,3,C4 (>55.4)
143214,44.9063869,-93.2323539,2022-07-04T12:00:00Z,77.172,14.3085,1,C2 (12.1-35.4)
142720,44.956349,-93.255908,2022-07-04T12:00:00Z,78.367,17.615000000000002,1,C2 (12.1-35.4)
46215,44.9100027,-93.2322485,2022-07-04T12:00:00Z,81.2,2.93,5,C6 (>500)
143226,44.9114735,-93.2251173,2022-07-04T12:00:00Z,78.072,15.674,1,C2 (12.1-35.4)
147749,44.955786,-93.385116,2022-07-04T12:00:00Z,81.9755,1.152,5,C6 (>500)
145470,44.908042,-93.2313388,2022-07-04T12:00:00Z,76.839,14.8865,1,C2 (12.1-35.4)
113486,44.927942,-93.254285,2022-07-04T12:00:00Z,79.033,8.4975,0,C1 (<12)
108274,45.030721,-93.393912,2022-07-04T12:00:00Z,80.378,6.1685,0,C1 (<12)
75827,44.932755,-93.140978,2022-07-04T12:00:00Z,80.272,14.1095,1,C2 (12.1-35.4)
126487,45.0386,-93.2142,2022-07-04T12:00:00Z,79.244,10.57,3,C4 (>55.4)
108366,44.8798835,-93.3896065,2022-07-04T12:00:00Z,80.167,11.0195,3,C4 (>55.4)
143214,44.9063869,-93.2323539,2022-07-04T18:00:00Z,87.689,5.4635,5,C6 (>500)
143226,44.9114735,-93.2251173,2022-07-04T18:00:00Z,89.961,6.906499999999999,0,C1 (<12)
107096,44.94275,-93.1704394,2022-07-04T18:00:00Z,87.733,11.234,3,C4 (>55.4)
11134,44.927815,-93.322808,2022-07-04T18:00:00Z,32.0,4.9545,5,C6 (>500)
23989,45.112031,-93.277993,2022-07-04T18:00:00Z,88.189,6.278,0,C1 (<12)
43305,44.898873,-93.302307,2022-07-04T18:00:00Z,87.939,4.306,5,C6 (>500)
85113,44.9364071,-93.1789915,2022-07-04T18:00:00Z,92.539,6.506,0,C1 (<12)
142720,44.956349,-93.255908,2022-07-04T18:00:00Z,90.31,12.763,3,C4 (>55.4)
21179,44.9659784,-93.284883,2022-07-04T18:00:00Z,85.872,6.1370000000000005,0,C1 (<12)
126487,45.0386,-93.2142,2022-07-04T18:00:00Z,89.255,2.9465,5,C6 (>500)
108366,44.8798835,-93.3896065,2022-07-04T18:00:00Z,88.106,5.225,5,C6 (>500)
17189,44.9812848,-93.2716517,2022-07-04T18:00:00Z,85.711,3.171,5,C6 (>500)
143242,44.9675165,-93.2114928,2022-07-04T18:00:00Z,84.866,6.332,0,C1 (<12)
145250,44.9681144,-93.3170144,2022-07-04T18:00:00Z,90.483,6.0585,0,C1 (<12)
107082,44.9202,-93.17529,2022-07-04T18:00:00Z,82.0,2.452,5,C6 (>500)
147749,44.955786,-93.385116,2022-07-04T18:00:00Z,80.797,0.03,5,C6 (>500)
108274,45.030721,-93.393912,2022-07-04T18:00:00Z,91.994,0.9275,5,C6 (>500)
75827,44.932755,-93.140978,2022-07-04T18:00:00Z,86.222,5.954,0,C1 (<12)
113486,44.927942,-93.254285,2022-07-04T18:00:00Z,88.761,1.877,5,C6 (>500)
108364,44.878977,-93.354913,2022-07-04T18:00:00Z,,3.7445,5,C6 (>500)
143648,45.03,-93.292549,2022-07-04T18:00:00Z,93.844,7.5295,0,C1 (<12)
54907,45.00335341,-93.25570528,2022-07-04T18:00:00Z,90.567,6.4125,0,C1 (<12)
145470,44.908042,-93.2313388,2022-07-04T18:00:00Z,91.278,5.42,5,C6 (>500)
3088,44.935901,-93.21761,2022-07-04T18:00:00Z,91.528,4.4205,5,C6 (>500)
128195,44.935632,-93.186259,2022-07-04T18:00:00Z,91.595,39.156,4,C5 (150.4-500)
46215,44.9100027,-93.2322485,2022-07-04T18:00:00Z,82.989,3.04,5,C6 (>500)
46215,44.9100027,-93.2322485,2022-07-05T00:00:00Z,85.922,4.8635,5,C6 (>500)
107082,44.9202,-93.17529,2022-07-05T00:00:00Z,82.0,6.566,0,C1 (<12)
143214,44.9063869,-93.2323539,2022-07-05T00:00:00Z,84.855,15.863499999999998,1,C2 (12.1-35.4)
128195,44.935632,-93.186259,2022-07-05T00:00:00Z,84.961,19.5225,1,C2 (12.1-35.4)
21179,44.9659784,-93.284883,2022-07-05T00:00:00Z,85.361,25.2,2,C3 (35.5-55.4)
85113,44.9364071,-93.1789915,2022-07-05T00:00:00Z,86.284,25.152,2,C3 (35.5-55.4)
23989,45.112031,-93.277993,2022-07-05T00:00:00Z,84.017,31.9465,4,C5 (150.4-500)
147749,44.955786,-93.385116,2022-07-05T00:00:00Z,81.0335,0.9375,5,C6 (>500)
145250,44.9681144,-93.3170144,2022-07-05T00:00:00Z,85.089,26.9055,2,C3 (35.5-55.4)
143648,45.03,-93.292549,2022-07-05T00:00:00Z,86.406,28.069000000000003,2,C3 (35.5-55.4)
11134,44.927815,-93.322808,2022-07-05T00:00:00Z,32.0,16.9655,1,C2 (12.1-35.4)
143226,44.9114735,-93.2251173,2022-07-05T00:00:00Z,86.189,17.954,1,C2 (12.1-35.4)
17189,44.9812848,-93.2716517,2022-07-05T00:00:00Z,85.817,4.222,5,C6 (>500)
126487,45.0386,-93.2142,2022-07-05T00:00:00Z,84.717,25.328000000000003,2,C3 (35.5-55.4)
145470,44.908042,-93.2313388,2022-07-05T00:00:00Z,83.65,17.2845,1,C2 (12.1-35.4)
143242,44.9675165,-93.2114928,2022-07-05T00:00:00Z,83.611,22.694,2,C3 (35.5-55.4)
107096,44.94275,-93.1704394,2022-07-05T00:00:00Z,87.8,4.14,5,C6 (>500)
108274,45.030721,-93.393912,2022-07-05T00:00:00Z,88.828,22.786,2,C3 (35.5-55.4)
75827,44.932755,-93.140978,2022-07-05T00:00:00Z,86.472,26.1625,2,C3 (35.5-55.4)
3088,44.935901,-93.21761,2022-07-05T00:00:00Z,88.033,10.876,3,C4 (>55.4)
43305,44.898873,-93.302307,2022-07-05T00:00:00Z,86.15,20.5845,2,C3 (35.5-55.4)
54907,45.00335341,-93.25570528,2022-07-05T00:00:00Z,84.433,24.7495,2,C3 (35.5-55.4)
108364,44.878977,-93.354913,2022-07-05T00:00:00Z,,16.2325,1,C2 (12.1-35.4)
108366,44.8798835,-93.3896065,2022-07-05T00:00:00Z,84.372,15.1835,1,C2 (12.1-35.4)
142720,44.956349,-93.255908,2022-07-05T00:00:00Z,86.422,39.995,4,C5 (150.4-500)
113486,44.927942,-93.254285,2022-07-05T00:00:00Z,86.633,18.0385,1,C2 (12.1-35.4)
46215,44.9100027,-93.2322485,2022-07-05T06:00:00Z,86.184,4.9045,5,C6 (>500)
147749,44.955786,-93.385116,2022-07-05T06:00:00Z,81.8775,0.8009999999999999,5,C6 (>500)
113486,44.927942,-93.254285,2022-07-05T06:00:00Z,79.889,21.0535,2,C3 (35.5-55.4)
3088,44.935901,-93.21761,2022-07-05T06:00:00Z,81.561,13.55,3,C4 (>55.4)
145250,44.9681144,-93.3170144,2022-07-05T06:00:00Z,78.605,27.5825,2,C3 (35.5-55.4)
128195,44.935632,-93.186259,2022-07-05T06:00:00Z,79.317,19.986,2,C3 (35.5-55.4)
143648,45.03,-93.292549,2022-07-05T06:00:00Z,78.622,26.182,2,C3 (35.5-55.4)
17189,44.9812848,-93.2716517,2022-07-05T06:00:00Z,86.806,4.55,5,C6 (>500)
143242,44.9675165,-93.2114928,2022-07-05T06:00:00Z,78.656,24.323,2,C3 (35.5-55.4)
143214,44.9063869,-93.2323539,2022-07-05T06:00:00Z,78.783,23.4005,2,C3 (35.5-55.4)
23989,45.112031,-93.277993,2022-07-05T06:00:00Z,78.15,30.9625,4,C5 (150.4-500)
108364,44.878977,-93.354913,2022-07-05T06:00:00Z,,21.115,2,C3 (35.5-55.4)
54907,45.00335341,-93.25570528,2022-07-05T06:00:00Z,78.583,23.759500000000003,2,C3 (35.5-55.4)
107082,44.9202,-93.17529,2022-07-05T06:00:00Z,82.0,7.023,0,C1 (<12)
43305,44.898873,-93.302307,2022-07-05T06:00:00Z,79.372,20.87,2,C3 (35.5-55.4)
142720,44.956349,-93.255908,2022-07-05T06:00:00Z,79.328,26.0515,2,C3 (35.5-55.4)
145470,44.908042,-93.2313388,2022-07-05T06:00:00Z,77.028,24.8125,2,C3 (35.5-55.4)
108366,44.8798835,-93.3896065,2022-07-05T06:00:00Z,79.789,24.3975,2,C3 (35.5-55.4)
108274,45.030721,-93.393912,2022-07-05T06:00:00Z,82.35,17.205,1,C2 (12.1-35.4)
75827,44.932755,-93.140978,2022-07-05T06:00:00Z,82.039,21.002,2,C3 (35.5-55.4)
85113,44.9364071,-93.1789915,2022-07-05T06:00:00Z,80.217,22.848,2,C3 (35.5-55.4)
143226,44.9114735,-93.2251173,2022-07-05T06:00:00Z,79.272,23.215000000000003,2,C3 (35.5-55.4)
11134,44.927815,-93.322808,2022-07-05T06:00:00Z,32.0,19.487,1,C2 (12.1-35.4)
126487,45.0386,-93.2142,2022-07-05T06:00:00Z,79.422,24.204,2,C3 (35.5-55.4)
107096,44.94275,-93.1704394,2022-07-05T06:00:00Z,85.767,0.955,5,C6 (>500)
21179,44.9659784,-93.284883,2022-07-05T06:00:00Z,80.211,25.581,2,C3 (35.5-55.4)
113486,44.927942,-93.254285,2022-07-05T12:00:00Z,82.939,23.12,2,C3 (35.5-55.4)
143214,44.9063869,-93.2323539,2022-07-05T12:00:00Z,85.461,22.5285,2,C3 (35.5-55.4)
142720,44.956349,-93.255908,2022-07-05T12:00:00Z,83.5,26.0595,2,C3 (35.5-55.4)
54907,45.00335341,-93.25570528,2022-07-05T12:00:00Z,85.233,22.6305,2,C3 (35.5-55.4)
23989,45.112031,-93.277993,2022-07-05T12:00:00Z,81.217,18.206,1,C2 (12.1-35.4)
145470,44.908042,-93.2313388,2022-07-05T12:00:00Z,86.417,22.8295,2,C3 (35.5-55.4)
143226,44.9114735,-93.2251173,2022-07-05T12:00:00Z,92.167,20.1,2,C3 (35.5-55.4)
3088,44.935901,-93.21761,2022-07-05T12:00:00Z,86.805,14.712,1,C2 (12.1-35.4)
143242,44.9675165,-93.2114928,2022-07-05T12:00:00Z,81.967,23.868,2,C3 (35.5-55.4)
21179,44.9659784,-93.284883,2022-07-05T12:00:00Z,87.656,22.7035,2,C3 (35.5-55.4)
17189,44.9812848,-93.2716517,2022-07-05T12:00:00Z,85.561,4.819,5,C6 (>500)
46215,44.9100027,-93.2322485,2022-07-05T12:00:00Z,85.844,3.9725,5,C6 (>500)
107082,44.9202,-93.17529,2022-07-05T12:00:00Z,82.062,5.222,5,C6 (>500)
143648,45.03,-93.292549,2022-07-05T12:00:00Z,82.789,24.442500000000003,2,C3 (35.5-55.4)
75827,44.932755,-93.140978,2022-07-05T12:00:00Z,73.622,22.847,2,C3 (35.5-55.4)
108274,45.030721,-93.393912,2022-07-05T12:00:00Z,87.301,20.3925,2,C3 (35.5-55.4)
11134,44.927815,-93.322808,2022-07-05T12:00:00Z,32.0,24.8375,2,C3 (35.5-55.4)
145250,44.9681144,-93.3170144,2022-07-05T12:00:00Z,83.972,27.4675,2,C3 (35.5-55.4)
128195,44.935632,-93.186259,2022-07-05T12:00:00Z,87.296,20.5405,2,C3 (35.5-55.4)
108366,44.8798835,-93.3896065,2022-07-05T12:00:00Z,89.106,25.372,2,C3 (35.5-55.4)
126487,45.0386,-93.2142,2022-07-05T12:00:00Z,84.506,17.328,1,C2 (12.1-35.4)
43305,44.898873,-93.302307,2022-07-05T12:00:00Z,85.856,25.8925,2,C3 (35.5-55.4)
107096,44.94275,-93.1704394,2022-07-05T12:00:00Z,86.239,0.946,5,C6 (>500)
108364,44.878977,-93.354913,2022-07-05T12:00:00Z,,24.704500000000003,2,C3 (35.5-55.4)
147749,44.955786,-93.385116,2022-07-05T12:00:00Z,81.664,12.933,3,C4 (>55.4)
85113,44.9364071,-93.1789915,2022-07-05T12:00:00Z,88.022,23.9545,2,C3 (35.5-55.4)
11134,44.927815,-93.322808,2022-07-05T18:00:00Z,32.0,10.770499999999998,3,C4 (>55.4)
143226,44.9114735,-93.2251173,2022-07-05T18:00:00Z,96.039,9.584,0,C1 (<12)
23989,45.112031,-93.277993,2022-07-05T18:00:00Z,89.955,8.8215,0,C1 (<12)
3088,44.935901,-93.21761,2022-07-05T18:00:00Z,94.0,6.018,0,C1 (<12)
21179,44.9659784,-93.284883,2022-07-05T18:00:00Z,90.461,9.476,0,C1 (<12)
143214,44.9063869,-93.2323539,2022-07-05T18:00:00Z,91.75,10.1345,3,C4 (>55.4)
85113,44.9364071,-93.1789915,2022-07-05T18:00:00Z,94.305,9.9335,0,C1 (<12)
145470,44.908042,-93.2313388,2022-07-05T18:00:00Z,93.889,10.184,3,C4 (>55.4)
126487,45.0386,-93.2142,2022-07-05T18:00:00Z,93.906,5.086,5,C6 (>500)
54907,45.00335341,-93.25570528,2022-07-05T18:00:00Z,97.922,8.8295,0,C1 (<12)
108366,44.8798835,-93.3896065,2022-07-05T18:00:00Z,95.222,12.3555,3,C4 (>55.4)
113486,44.927942,-93.254285,2022-07-05T18:00:00Z,90.883,6.307499999999999,0,C1 (<12)
142720,44.956349,-93.255908,2022-07-05T18:00:00Z,92.983,10.857,3,C4 (>55.4)
43305,44.898873,-93.302307,2022-07-05T18:00:00Z,92.117,10.1545,3,C4 (>55.4)
107096,44.94275,-93.1704394,2022-07-05T18:00:00Z,87.65,1.096,5,C6 (>500)
108364,44.878977,-93.354913,2022-07-05T18:00:00Z,,11.045,3,C4 (>55.4)
17189,44.9812848,-93.2716517,2022-07-05T18:00:00Z,84.706,3.321,5,C6 (>500)
143242,44.9675165,-93.2114928,2022-07-05T18:00:00Z,88.656,9.327,0,C1 (<12)
75827,44.932755,-93.140978,2022-07-05T18:00:00Z,72.522,10.1135,3,C4 (>55.4)
147749,44.955786,-93.385116,2022-07-05T18:00:00Z,80.586,1.541,5,C6 (>500)
46215,44.9100027,-93.2322485,2022-07-05T18:00:00Z,88.072,3.4485,5,C6 (>500)
143648,45.03,-93.292549,2022-07-05T18:00:00Z,89.495,10.1825,3,C4 (>55.4)
128195,44.935632,-93.186259,2022-07-05T18:00:00Z,93.845,5.3745,5,C6 (>500)
107082,44.9202,-93.17529,2022-07-05T18:00:00Z,83.239,3.874,5,C6 (>500)
108274,45.030721,-93.393912,2022-07-05T18:00:00Z,94.789,5.169499999999999,5,C6 (>500)
145250,44.9681144,-93.3170144,2022-07-05T18:00:00Z,92.994,12.3015,3,C4 (>55.4)
85113,44.9364071,-93.1789915,2022-07-06T00:00:00Z,83.828,9.41,0,C1 (<12)
143226,44.9114735,-93.2251173,2022-07-06T00:00:00Z,83.994,12.1575,3,C4 (>55.4)
142720,44.956349,-93.255908,2022-07-06T00:00:00Z,82.55,9.7,0,C1 (<12)
21179,44.9659784,-93.284883,2022-07-06T00:00:00Z,82.889,7.9405,0,C1 (<12)
108366,44.8798835,-93.3896065,2022-07-06T00:00:00Z,84.789,10.0535,3,C4 (>55.4)
3088,44.935901,-93.21761,2022-07-06T00:00:00Z,84.711,5.533,5,C6 (>500)
143648,45.03,-93.292549,2022-07-06T00:00:00Z,80.867,9.514,0,C1 (<12)
54907,45.00335341,-93.25570528,2022-07-06T00:00:00Z,82.267,9.2375,0,C1 (<12)
17189,44.9812848,-93.2716517,2022-07-06T00:00:00Z,86.111,3.407,5,C6 (>500)
43305,44.898873,-93.302307,2022-07-06T00:00:00Z,83.728,8.477,0,C1 (<12)
113486,44.927942,-93.254285,2022-07-06T00:00:00Z,83.111,4.693,5,C6 (>500)
46215,44.9100027,-93.2322485,2022-07-06T00:00:00Z,89.0,2.774,5,C6 (>500)
128195,44.935632,-93.186259,2022-07-06T00:00:00Z,82.586,4.542,5,C6 (>500)
145250,44.9681144,-93.3170144,2022-07-06T00:00:00Z,81.845,10.3135,3,C4 (>55.4)
107096,44.94275,-93.1704394,2022-07-06T00:00:00Z,87.105,0.991,5,C6 (>500)
143214,44.9063869,-93.2323539,2022-07-06T00:00:00Z,82.422,8.689499999999999,0,C1 (<12)
108274,45.030721,-93.393912,2022-07-06T00:00:00Z,85.161,3.613,5,C6 (>500)
143242,44.9675165,-93.2114928,2022-07-06T00:00:00Z,81.733,7.927,0,C1 (<12)
75827,44.932755,-93.140978,2022-07-06T00:00:00Z,66.466,8.4835,0,C1 (<12)
126487,45.0386,-93.2142,2022-07-06T00:00:00Z,82.656,4.6325,5,C6 (>500)
147749,44.955786,-93.385116,2022-07-06T00:00:00Z,80.85300000000001,1.6015,5,C6 (>500)
108364,44.878977,-93.354913,2022-07-06T00:00:00Z,,9.0455,0,C1 (<12)
11134,44.927815,-93.322808,2022-07-06T00:00:00Z,32.0,8.7615,0,C1 (<12)
107082,44.9202,-93.17529,2022-07-06T00:00:00Z,83.0,2.873,5,C6 (>500)
145470,44.908042,-93.2313388,2022-07-06T00:00:00Z,80.995,9.133,0,C1 (<12)
23989,45.112031,-93.277993,2022-07-06T00:00:00Z,80.994,7.631,0,C1 (<12)
145250,44.9681144,-93.3170144,2022-07-06T06:00:00Z,74.344,6.8005,0,C1 (<12)
17189,44.9812848,-93.2716517,2022-07-06T06:00:00Z,87.917,3.909,5,C6 (>500)
46215,44.9100027,-93.2322485,2022-07-06T06:00:00Z,88.078,0.6865,5,C6 (>500)
107082,44.9202,-93.17529,2022-07-06T06:00:00Z,82.661,1.705,5,C6 (>500)
108366,44.8798835,-93.3896065,2022-07-06T06:00:00Z,77.083,7.486499999999999,0,C1 (<12)
23989,45.112031,-93.277993,2022-07-06T06:00:00Z,71.901,4.455,5,C6 (>500)
143242,44.9675165,-93.2114928,2022-07-06T06:00:00Z,74.711,5.317500000000001,5,C6 (>500)
107096,44.94275,-93.1704394,2022-07-06T06:00:00Z,85.75,0.436,5,C6 (>500)
142720,44.956349,-93.255908,2022-07-06T06:00:00Z,74.461,6.2005,0,C1 (<12)
43305,44.898873,-93.302307,2022-07-06T06:00:00Z,76.345,6.836,0,C1 (<12)
108274,45.030721,-93.393912,2022-07-06T06:00:00Z,77.05,0.698,5,C6 (>500)
113486,44.927942,-93.254285,2022-07-06T06:00:00Z,75.433,1.9095,5,C6 (>500)
128195,44.935632,-93.186259,2022-07-06T06:00:00Z,75.289,1.48,5,C6 (>500)
143214,44.9063869,-93.2323539,2022-07-06T06:00:00Z,75.144,5.615,5,C6 (>500)
147749,44.955786,-93.385116,2022-07-06T06:00:00Z,81.7585,0.04,5,C6 (>500)
126487,45.0386,-93.2142,2022-07-06T06:00:00Z,74.345,1.3664999999999998,5,C6 (>500)
11134,44.927815,-93.322808,2022-07-06T06:00:00Z,32.0,5.811,0,C1 (<12)
143648,45.03,-93.292549,2022-07-06T06:00:00Z,71.908,5.785,0,C1 (<12)
54907,45.00335341,-93.25570528,2022-07-06T06:00:00Z,73.844,5.591,5,C6 (>500)
143226,44.9114735,-93.2251173,2022-07-06T06:00:00Z,76.373,5.5495,5,C6 (>500)
108364,44.878977,-93.354913,2022-07-06T06:00:00Z,,6.452999999999999,0,C1 (<12)
21179,44.9659784,-93.284883,2022-07-06T06:00:00Z,74.594,5.3515,5,C6 (>500)
85113,44.9364071,-93.1789915,2022-07-06T06:00:00Z,76.15,5.801500000000001,0,C1 (<12)
3088,44.935901,-93.21761,2022-07-06T06:00:00Z,77.211,3.415,5,C6 (>500)
75827,44.932755,-93.140978,2022-07-06T06:00:00Z,-215.167,5.02,5,C6 (>500)
145470,44.908042,-93.2313388,2022-07-06T06:00:00Z,73.194,6.027,0,C1 (<12)
143242,44.9675165,-93.2114928,2022-07-06T12:00:00Z,76.867,7.4855,0,C1 (<12)
3088,44.935901,-93.21761,2022-07-06T12:00:00Z,80.572,4.8765,5,C6 (>500)
143214,44.9063869,-93.2323539,2022-07-06T12:00:00Z,78.855,7.8155,0,C1 (<12)
113486,44.927942,-93.254285,2022-07-06T12:00:00Z,77.444,4.329,5,C6 (>500)
23989,45.112031,-93.277993,2022-07-06T12:00:00Z,75.661,7.298999999999999,0,C1 (<12)
108364,44.878977,-93.354913,2022-07-06T12:00:00Z,,8.22,0,C1 (<12)
75827,44.932755,-93.140978,2022-07-06T12:00:00Z,-228.0,7.963,0,C1 (<12)
85113,44.9364071,-93.1789915,2022-07-06T12:00:00Z,82.201,8.1355,0,C1 (<12)
126487,45.0386,-93.2142,2022-07-06T12:00:00Z,79.778,3.148,5,C6 (>500)
11134,44.927815,-93.322808,2022-07-06T12:00:00Z,32.0,8.326,0,C1 (<12)
143226,44.9114735,-93.2251173,2022-07-06T12:00:00Z,81.211,7.299,0,C1 (<12)
147749,44.955786,-93.385116,2022-07-06T12:00:00Z,81.558,0.4115,5,C6 (>500)
143648,45.03,-93.292549,2022-07-06T12:00:00Z,77.289,7.7545,0,C1 (<12)
46215,44.9100027,-93.2322485,2022-07-06T12:00:00Z,86.911,0.4125,5,C6 (>500)
21179,44.9659784,-93.284883,2022-07-06T12:00:00Z,78.856,7.7715,0,C1 (<12)
17189,44.9812848,-93.2716517,2022-07-06T12:00:00Z,86.6,4.683,5,C6 (>500)
145470,44.908042,-93.2313388,2022-07-06T12:00:00Z,79.472,8.065999999999999,0,C1 (<12)
43305,44.898873,-93.302307,2022-07-06T12:00:00Z,78.972,8.7805,0,C1 (<12)
54907,45.00335341,-93.25570528,2022-07-06T12:00:00Z,78.933,7.554,0,C1 (<12)
142720,44.956349,-93.255908,2022-07-06T12:00:00Z,77.444,8.8335,0,C1 (<12)
108274,45.030721,-93.393912,2022-07-06T12:00:00Z,81.1,2.874,5,C6 (>500)
107082,44.9202,-93.17529,2022-07-06T12:00:00Z,82.878,1.711,5,C6 (>500)
107096,44.94275,-93.1704394,2022-07-06T12:00:00Z,85.444,1.726,5,C6 (>500)
108366,44.8798835,-93.3896065,2022-07-06T12:00:00Z,79.244,9.557,0,C1 (<12)
145250,44.9681144,-93.3170144,2022-07-06T12:00:00Z,77.756,9.38,0,C1 (<12)
128195,44.935632,-93.186259,2022-07-06T12:00:00Z,80.925,3.5805,5,C6 (>500)
126487,45.0386,-93.2142,2022-07-06T18:00:00Z,88.267,5.576,5,C6 (>500)
108366,44.8798835,-93.3896065,2022-07-06T18:00:00Z,86.039,15.9055,1,C2 (12.1-35.4)
113486,44.927942,-93.254285,2022-07-06T18:00:00Z,85.822,9.3805,0,C1 (<12)
143226,44.9114735,-93.2251173,2022-07-06T18:00:00Z,88.872,12.741,3,C4 (>55.4)
145470,44.908042,-93.2313388,2022-07-06T18:00:00Z,88.639,13.628,3,C4 (>55.4)
23989,45.112031,-93.277993,2022-07-06T18:00:00Z,86.694,9.691,0,C1 (<12)
147749,44.955786,-93.385116,2022-07-06T18:00:00Z,80.689,0.393,5,C6 (>500)
143214,44.9063869,-93.2323539,2022-07-06T18:00:00Z,85.6,13.644,3,C4 (>55.4)
107082,44.9202,-93.17529,2022-07-06T18:00:00Z,82.622,3.896,5,C6 (>500)
75827,44.932755,-93.140978,2022-07-06T18:00:00Z,-228.0,12.271,3,C4 (>55.4)
145250,44.9681144,-93.3170144,2022-07-06T18:00:00Z,89.117,13.4215,3,C4 (>55.4)
143648,45.03,-93.292549,2022-07-06T18:00:00Z,91.733,10.47,3,C4 (>55.4)
17189,44.9812848,-93.2716517,2022-07-06T18:00:00Z,84.778,4.01,5,C6 (>500)
128195,44.935632,-93.186259,2022-07-06T18:00:00Z,88.733,8.0075,0,C1 (<12)
11134,44.927815,-93.322808,2022-07-06T18:00:00Z,32.0,13.4865,3,C4 (>55.4)
21179,44.9659784,-93.284883,2022-07-06T18:00:00Z,85.067,11.9365,3,C4 (>55.4)
43305,44.898873,-93.302307,2022-07-06T18:00:00Z,86.145,13.293500000000002,3,C4 (>55.4)
54907,45.00335341,-93.25570528,2022-07-06T18:00:00Z,89.148,10.702,3,C4 (>55.4)
142720,44.956349,-93.255908,2022-07-06T18:00:00Z,87.916,14.401,1,C2 (12.1-35.4)
107096,44.94275,-93.1704394,2022-07-06T18:00:00Z,87.872,2.469,5,C6 (>500)
85113,44.9364071,-93.1789915,2022-07-06T18:00:00Z,90.989,12.419,3,C4 (>55.4)
46215,44.9100027,-93.2322485,2022-07-06T18:00:00Z,87.678,2.866,5,C6 (>500)
3088,44.935901,-93.21761,2022-07-06T18:00:00Z,89.422,7.747,0,C1 (<12)
108274,45.030721,-93.393912,2022-07-06T18:00:00Z,91.594,6.26,0,C1 (<12)
108364,44.878977,-93.354913,2022-07-06T18:00:00Z,,13.847,3,C4 (>55.4)
143242,44.9675165,-93.2114928,2022-07-06T18:00:00Z,83.756,11.387,3,C4 (>55.4)
108364,44.878977,-93.354913,2022-07-07T00:00:00Z,,14.6915,1,C2 (12.1-35.4)
11134,44.927815,-93.322808,2022-07-07T00:00:00Z,32.0,14.425,1,C2 (12.1-35.4)
128195,44.935632,-93.186259,2022-07-07T00:00:00Z,83.328,9.374,0,C1 (<12)
126487,45.0386,-93.2142,2022-07-07T00:00:00Z,83.033,10.598,3,C4 (>55.4)
23989,45.112031,-93.277993,2022-07-07T00:00:00Z,82.628,12.6805,3,C4 (>55.4)
147749,44.955786,-93.385116,2022-07-07T00:00:00Z,81.4665,0.567,5,C6 (>500)
46215,44.9100027,-93.2322485,2022-07-07T00:00:00Z,88.983,3.5655,5,C6 (>500)
113486,44.927942,-93.254285,2022-07-07T00:00:00Z,84.011,11.453,3,C4 (>55.4)
143214,44.9063869,-93.2323539,2022-07-07T00:00:00Z,83.117,13.9885,3,C4 (>55.4)
17189,44.9812848,-93.2716517,2022-07-07T00:00:00Z,86.233,3.971,5,C6 (>500)
143648,45.03,-93.292549,2022-07-07T00:00:00Z,84.605,20.9055,2,C3 (35.5-55.4)
145250,44.9681144,-93.3170144,2022-07-07T00:00:00Z,81.728,16.871,1,C2 (12.1-35.4)
21179,44.9659784,-93.284883,2022-07-07T00:00:00Z,83.728,13.518,3,C4 (>55.4)
3088,44.935901,-93.21761,2022-07-07T00:00:00Z,85.467,8.3865,0,C1 (<12)
108366,44.8798835,-93.3896065,2022-07-07T00:00:00Z,82.216,15.745,1,C2 (12.1-35.4)
145470,44.908042,-93.2313388,2022-07-07T00:00:00Z,81.589,14.793,1,C2 (12.1-35.4)
107096,44.94275,-93.1704394,2022-07-07T00:00:00Z,87.267,0.297,5,C6 (>500)
108274,45.030721,-93.393912,2022-07-07T00:00:00Z,85.639,8.470500000000001,0,C1 (<12)
75827,44.932755,-93.140978,2022-07-07T00:00:00Z,-228.0,12.908,3,C4 (>55.4)
107082,44.9202,-93.17529,2022-07-07T00:00:00Z,82.466,4.097,5,C6 (>500)
142720,44.956349,-93.255908,2022-07-07T00:00:00Z,83.945,17.570999999999998,1,C2 (12.1-35.4)
143226,44.9114735,-93.2251173,2022-07-07T00:00:00Z,83.623,13.134,3,C4 (>55.4)
143242,44.9675165,-93.2114928,2022-07-07T00:00:00Z,82.167,12.9405,3,C4 (>55.4)
54907,45.00335341,-93.25570528,2022-07-07T00:00:00Z,82.984,13.5425,3,C4 (>55.4)
85113,44.9364071,-93.1789915,2022-07-07T00:00:00Z,83.944,14.312,1,C2 (12.1-35.4)
43305,44.898873,-93.302307,2022-07-07T00:00:00Z,83.739,13.3285,3,C4 (>55.4)
126487,45.0386,-93.2142,2022-07-07T06:00:00Z,77.25,20.4065,2,C3 (35.5-55.4)
108274,45.030721,-93.393912,2022-07-07T06:00:00Z,79.611,16.189999999999998,1,C2 (12.1-35.4)
128195,44.935632,-93.186259,2022-07-07T06:00:00Z,78.016,16.708,1,C2 (12.1-35.4)
21179,44.9659784,-93.284883,2022-07-07T06:00:00Z,79.2,19.141,1,C2 (12.1-35.4)
107096,44.94275,-93.1704394,2022-07-07T06:00:00Z,85.594,0.512,5,C6 (>500)
85113,44.9364071,-93.1789915,2022-07-07T06:00:00Z,78.883,19.353,1,C2 (12.1-35.4)
143226,44.9114735,-93.2251173,2022-07-07T06:00:00Z,77.689,18.318,1,C2 (12.1-35.4)
3088,44.935901,-93.21761,2022-07-07T06:00:00Z,80.283,11.244,3,C4 (>55.4)
17189,44.9812848,-93.2716517,2022-07-07T06:00:00Z,87.239,4.566,5,C6 (>500)
113486,44.927942,-93.254285,2022-07-07T06:00:00Z,78.706,17.2525,1,C2 (12.1-35.4)
142720,44.956349,-93.255908,2022-07-07T06:00:00Z,78.094,20.6805,2,C3 (35.5-55.4)
107082,44.9202,-93.17529,2022-07-07T06:00:00Z,82.35,5.067,5,C6 (>500)
46215,44.9100027,-93.2322485,2022-07-07T06:00:00Z,88.178,3.1615,5,C6 (>500)
75827,44.932755,-93.140978,2022-07-07T06:00:00Z,-228.0,19.3755,1,C2 (12.1-35.4)
147749,44.955786,-93.385116,2022-07-07T06:00:00Z,82.0,0.344,5,C6 (>500)
108366,44.8798835,-93.3896065,2022-07-07T06:00:00Z,78.4,17.216,1,C2 (12.1-35.4)
108364,44.878977,-93.354913,2022-07-07T06:00:00Z,,16.2875,1,C2 (12.1-35.4)
43305,44.898873,-93.302307,2022-07-07T06:00:00Z,78.694,17.8705,1,C2 (12.1-35.4)
11134,44.927815,-93.322808,2022-07-07T06:00:00Z,32.0,16.4115,1,C2 (12.1-35.4)
145250,44.9681144,-93.3170144,2022-07-07T06:00:00Z,77.328,22.2185,2,C3 (35.5-55.4)
143648,45.03,-93.292549,2022-07-07T06:00:00Z,77.933,20.591,2,C3 (35.5-55.4)
54907,45.00335341,-93.25570528,2022-07-07T06:00:00Z,78.105,18.643,1,C2 (12.1-35.4)
143242,44.9675165,-93.2114928,2022-07-07T06:00:00Z,77.934,18.224,1,C2 (12.1-35.4)
143214,44.9063869,-93.2323539,2022-07-07T06:00:00Z,78.067,18.835,1,C2 (12.1-35.4)
145470,44.908042,-93.2313388,2022-07-07T06:00:00Z,75.639,20.7555,2,C3 (35.5-55.4)
23989,45.112031,-93.277993,2022-07-07T06:00:00Z,75.828,21.232,2,C3 (35.5-55.4)
11134,44.927815,-93.322808,2022-07-07T12:00:00Z,32.0,15.603,1,C2 (12.1-35.4)
113486,44.927942,-93.254285,2022-07-07T12:00:00Z,84.778,15.2735,1,C2 (12.1-35.4)
142720,44.956349,-93.255908,2022-07-07T12:00:00Z,84.978,18.390500000000003,1,C2 (12.1-35.4)
54907,45.00335341,-93.25570528,2022-07-07T12:00:00Z,86.25,16.3,1,C2 (12.1-35.4)
75827,44.932755,-93.140978,2022-07-07T12:00:00Z,-228.0,15.6365,1,C2 (12.1-35.4)
108364,44.878977,-93.354913,2022-07-07T12:00:00Z,,15.658,1,C2 (12.1-35.4)
107096,44.94275,-93.1704394,2022-07-07T12:00:00Z,85.9,3.205,5,C6 (>500)
46215,44.9100027,-93.2322485,2022-07-07T12:00:00Z,87.383,2.6435,5,C6 (>500)
107082,44.9202,-93.17529,2022-07-07T12:00:00Z,82.922,9.069,0,C1 (<12)
143242,44.9675165,-93.2114928,2022-07-07T12:00:00Z,84.378,16.161,1,C2 (12.1-35.4)
108274,45.030721,-93.393912,2022-07-07T12:00:00Z,88.133,11.2835,3,C4 (>55.4)
23989,45.112031,-93.277993,2022-07-07T12:00:00Z,84.7,15.602,1,C2 (12.1-35.4)
108366,44.8798835,-93.3896065,2022-07-07T12:00:00Z,86.215,16.465,1,C2 (12.1-35.4)
143214,44.9063869,-93.2323539,2022-07-07T12:00:00Z,85.756,16.4605,1,C2 (12.1-35.4)
3088,44.935901,-93.21761,2022-07-07T12:00:00Z,88.822,10.029,3,C4 (>55.4)
145250,44.9681144,-93.3170144,2022-07-07T12:00:00Z,83.945,19.6775,1,C2 (12.1-35.4)
147749,44.955786,-93.385116,2022-07-07T12:00:00Z,81.74199999999999,17.914,1,C2 (12.1-35.4)
21179,44.9659784,-93.284883,2022-07-07T12:00:00Z,87.372,15.81,1,C2 (12.1-35.4)
128195,44.935632,-93.186259,2022-07-07T12:00:00Z,88.345,14.121,1,C2 (12.1-35.4)
143648,45.03,-93.292549,2022-07-07T12:00:00Z,86.25,15.635,1,C2 (12.1-35.4)
143226,44.9114735,-93.2251173,2022-07-07T12:00:00Z,91.45,14.741,1,C2 (12.1-35.4)
85113,44.9364071,-93.1789915,2022-07-07T12:00:00Z,88.066,17.8155,1,C2 (12.1-35.4)
126487,45.0386,-93.2142,2022-07-07T12:00:00Z,91.361,12.937,3,C4 (>55.4)
145470,44.908042,-93.2313388,2022-07-07T12:00:00Z,86.516,16.9495,1,C2 (12.1-35.4)
17189,44.9812848,-93.2716517,2022-07-07T12:00:00Z,85.161,4.406,5,C6 (>500)
43305,44.898873,-93.302307,2022-07-07T12:00:00Z,85.272,15.524,1,C2 (12.1-35.4)
75827,44.932755,-93.140978,2022-07-07T18:00:00Z,-228.0,12.032,3,C4 (>55.4)
17189,44.9812848,-93.2716517,2022-07-07T18:00:00Z,84.256,3.817,5,C6 (>500)
21179,44.9659784,-93.284883,2022-07-07T18:00:00Z,90.239,11.1635,3,C4 (>55.4)
128195,44.935632,-93.186259,2022-07-07T18:00:00Z,91.839,9.099,0,C1 (<12)
46215,44.9100027,-93.2322485,2022-07-07T18:00:00Z,88.411,3.6335,5,C6 (>500)
108366,44.8798835,-93.3896065,2022-07-07T18:00:00Z,91.767,11.916,3,C4 (>55.4)
11134,44.927815,-93.322808,2022-07-07T18:00:00Z,32.0,11.8065,3,C4 (>55.4)
107096,44.94275,-93.1704394,2022-07-07T18:00:00Z,86.778,11.075,3,C4 (>55.4)
143648,45.03,-93.292549,2022-07-07T18:00:00Z,92.995,11.6025,3,C4 (>55.4)
43305,44.898873,-93.302307,2022-07-07T18:00:00Z,89.055,10.9155,3,C4 (>55.4)
108364,44.878977,-93.354913,2022-07-07T18:00:00Z,,10.1625,3,C4 (>55.4)
54907,45.00335341,-93.25570528,2022-07-07T18:00:00Z,94.817,11.23,3,C4 (>55.4)
85113,44.9364071,-93.1789915,2022-07-07T18:00:00Z,93.055,13.464,3,C4 (>55.4)
142720,44.956349,-93.255908,2022-07-07T18:00:00Z,91.345,17.037,1,C2 (12.1-35.4)
143242,44.9675165,-93.2114928,2022-07-07T18:00:00Z,88.233,11.495,3,C4 (>55.4)
145250,44.9681144,-93.3170144,2022-07-07T18:00:00Z,91.311,13.3575,3,C4 (>55.4)
3088,44.935901,-93.21761,2022-07-07T18:00:00Z,92.456,7.6215,0,C1 (<12)
145470,44.908042,-93.2313388,2022-07-07T18:00:00Z,89.995,12.051,3,C4 (>55.4)
126487,45.0386,-93.2142,2022-07-07T18:00:00Z,94.405,5.667999999999999,5,C6 (>500)
107082,44.9202,-93.17529,2022-07-07T18:00:00Z,82.978,7.26,0,C1 (<12)
108274,45.030721,-93.393912,2022-07-07T18:00:00Z,92.305,6.7555,0,C1 (<12)
23989,45.112031,-93.277993,2022-07-07T18:00:00Z,92.655,8.5075,0,C1 (<12)
143226,44.9114735,-93.2251173,2022-07-07T18:00:00Z,91.022,11.39,3,C4 (>55.4)
147749,44.955786,-93.385116,2022-07-07T18:00:00Z,80.4945,18.838,1,C2 (12.1-35.4)
113486,44.927942,-93.254285,2022-07-07T18:00:00Z,89.304,8.3445,0,C1 (<12)
143214,44.9063869,-93.2323539,2022-07-07T18:00:00Z,89.056,11.978,3,C4 (>55.4)
3088,44.935901,-93.21761,2022-07-08T00:00:00Z,87.255,8.850999999999999,0,C1 (<12)
145470,44.908042,-93.2313388,2022-07-08T00:00:00Z,83.033,13.8655,3,C4 (>55.4)
113486,44.927942,-93.254285,2022-07-08T00:00:00Z,85.572,10.8125,3,C4 (>55.4)
54907,45.00335341,-93.25570528,2022-07-08T00:00:00Z,85.945,14.288,1,C2 (12.1-35.4)
107096,44.94275,-93.1704394,2022-07-08T00:00:00Z,86.472,2.619,5,C6 (>500)
145250,44.9681144,-93.3170144,2022-07-08T00:00:00Z,84.578,14.7015,1,C2 (12.1-35.4)
142720,44.956349,-93.255908,2022-07-08T00:00:00Z,85.767,15.977,1,C2 (12.1-35.4)
75827,44.932755,-93.140978,2022-07-08T00:00:00Z,-228.0,13.335,3,C4 (>55.4)
43305,44.898873,-93.302307,2022-07-08T00:00:00Z,85.283,12.9075,3,C4 (>55.4)
85113,44.9364071,-93.1789915,2022-07-08T00:00:00Z,86.156,13.601,3,C4 (>55.4)
108364,44.878977,-93.354913,2022-07-08T00:00:00Z,,13.864,3,C4 (>55.4)
143226,44.9114735,-93.2251173,2022-07-08T00:00:00Z,84.945,15.7125,1,C2 (12.1-35.4)
46215,44.9100027,-93.2322485,2022-07-08T00:00:00Z,89.183,3.144,5,C6 (>500)
147749,44.955786,-93.385116,2022-07-08T00:00:00Z,80.8365,0.411,5,C6 (>500)
107082,44.9202,-93.17529,2022-07-08T00:00:00Z,82.45,4.144,5,C6 (>500)
17189,44.9812848,-93.2716517,2022-07-08T00:00:00Z,85.633,3.854,5,C6 (>500)
143242,44.9675165,-93.2114928,2022-07-08T00:00:00Z,85.0,12.043,3,C4 (>55.4)
11134,44.927815,-93.322808,2022-07-08T00:00:00Z,32.0,14.3555,1,C2 (12.1-35.4)
108274,45.030721,-93.393912,2022-07-08T00:00:00Z,88.072,8.304,0,C1 (<12)
126487,45.0386,-93.2142,2022-07-08T00:00:00Z,87.25,11.2905,3,C4 (>55.4)
21179,44.9659784,-93.284883,2022-07-08T00:00:00Z,87.4,11.9685,3,C4 (>55.4)
143214,44.9063869,-93.2323539,2022-07-08T00:00:00Z,84.55,13.4305,3,C4 (>55.4)
143648,45.03,-93.292549,2022-07-08T00:00:00Z,85.607,18.2675,1,C2 (12.1-35.4)
108366,44.8798835,-93.3896065,2022-07-08T00:00:00Z,82.741,16.4435,1,C2 (12.1-35.4)
23989,45.112031,-93.277993,2022-07-08T00:00:00Z,85.878,11.3575,3,C4 (>55.4)
128195,44.935632,-93.186259,2022-07-08T00:00:00Z,85.172,9.055,0,C1 (<12)
145250,44.9681144,-93.3170144,2022-07-08T06:00:00Z,78.561,20.742,2,C3 (35.5-55.4)
142720,44.956349,-93.255908,2022-07-08T06:00:00Z,79.267,18.2635,1,C2 (12.1-35.4)
143226,44.9114735,-93.2251173,2022-07-08T06:00:00Z,79.233,18.2375,1,C2 (12.1-35.4)
11134,44.927815,-93.322808,2022-07-08T06:00:00Z,32.0,16.643,1,C2 (12.1-35.4)
43305,44.898873,-93.302307,2022-07-08T06:00:00Z,79.805,17.7485,1,C2 (12.1-35.4)
143648,45.03,-93.292549,2022-07-08T06:00:00Z,77.906,16.5475,1,C2 (12.1-35.4)
21179,44.9659784,-93.284883,2022-07-08T06:00:00Z,80.6,14.4805,1,C2 (12.1-35.4)
126487,45.0386,-93.2142,2022-07-08T06:00:00Z,79.966,10.8805,3,C4 (>55.4)
75827,44.932755,-93.140978,2022-07-08T06:00:00Z,-228.0,14.897,1,C2 (12.1-35.4)
46215,44.9100027,-93.2322485,2022-07-08T06:00:00Z,88.628,2.4245,5,C6 (>500)
145470,44.908042,-93.2313388,2022-07-08T06:00:00Z,77.239,19.734,1,C2 (12.1-35.4)
85113,44.9364071,-93.1789915,2022-07-08T06:00:00Z,81.005,18.351,1,C2 (12.1-35.4)
128195,44.935632,-93.186259,2022-07-08T06:00:00Z,79.838,15.899,1,C2 (12.1-35.4)
113486,44.927942,-93.254285,2022-07-08T06:00:00Z,80.628,15.0285,1,C2 (12.1-35.4)
54907,45.00335341,-93.25570528,2022-07-08T06:00:00Z,78.633,17.384,1,C2 (12.1-35.4)
143214,44.9063869,-93.2323539,2022-07-08T06:00:00Z,79.161,18.2205,1,C2 (12.1-35.4)
108366,44.8798835,-93.3896065,2022-07-08T06:00:00Z,79.017,18.353,1,C2 (12.1-35.4)
107082,44.9202,-93.17529,2022-07-08T06:00:00Z,82.867,4.296,5,C6 (>500)
143242,44.9675165,-93.2114928,2022-07-08T06:00:00Z,78.928,17.939999999999998,1,C2 (12.1-35.4)
108274,45.030721,-93.393912,2022-07-08T06:00:00Z,82.161,9.308,0,C1 (<12)
3088,44.935901,-93.21761,2022-07-08T06:00:00Z,82.044,10.991,3,C4 (>55.4)
107096,44.94275,-93.1704394,2022-07-08T06:00:00Z,85.128,0.233,5,C6 (>500)
23989,45.112031,-93.277993,2022-07-08T06:00:00Z,78.117,13.3495,3,C4 (>55.4)
108364,44.878977,-93.354913,2022-07-08T06:00:00Z,,16.662,1,C2 (12.1-35.4)
17189,44.9812848,-93.2716517,2022-07-08T06:00:00Z,86.8,4.229,5,C6 (>500)
147749,44.955786,-93.385116,2022-07-08T06:00:00Z,82.05850000000001,0.224,5,C6 (>500)
113486,44.927942,-93.254285,2022-07-08T12:00:00Z,81.183,12.6985,3,C4 (>55.4)
145250,44.9681144,-93.3170144,2022-07-08T12:00:00Z,80.716,18.2955,1,C2 (12.1-35.4)
126487,45.0386,-93.2142,2022-07-08T12:00:00Z,85.606,8.496500000000001,0,C1 (<12)
75827,44.932755,-93.140978,2022-07-08T12:00:00Z,-228.0,14.488,1,C2 (12.1-35.4)
107082,44.9202,-93.17529,2022-07-08T12:00:00Z,82.972,4.756,5,C6 (>500)
143226,44.9114735,-93.2251173,2022-07-08T12:00:00Z,83.95,14.9465,1,C2 (12.1-35.4)
54907,45.00335341,-93.25570528,2022-07-08T12:00:00Z,83.656,14.3035,1,C2 (12.1-35.4)
128195,44.935632,-93.186259,2022-07-08T12:00:00Z,83.361,11.0395,3,C4 (>55.4)
143648,45.03,-93.292549,2022-07-08T12:00:00Z,81.339,15.21,1,C2 (12.1-35.4)
108366,44.8798835,-93.3896065,2022-07-08T12:00:00Z,82.594,19.8945,2,C3 (35.5-55.4)
143214,44.9063869,-93.2323539,2022-07-08T12:00:00Z,81.789,15.4135,1,C2 (12.1-35.4)
21179,44.9659784,-93.284883,2022-07-08T12:00:00Z,84.567,13.6085,3,C4 (>55.4)
147749,44.955786,-93.385116,2022-07-08T12:00:00Z,81.8335,2.2695,5,C6 (>500)
143242,44.9675165,-93.2114928,2022-07-08T12:00:00Z,80.767,14.114999999999998,1,C2 (12.1-35.4)
85113,44.9364071,-93.1789915,2022-07-08T12:00:00Z,84.278,15.479,1,C2 (12.1-35.4)
145470,44.908042,-93.2313388,2022-07-08T12:00:00Z,81.972,15.949,1,C2 (12.1-35.4)
23989,45.112031,-93.277993,2022-07-08T12:00:00Z,80.445,12.47,3,C4 (>55.4)
3088,44.935901,-93.21761,2022-07-08T12:00:00Z,84.333,9.2015,0,C1 (<12)
108364,44.878977,-93.354913,2022-07-08T12:00:00Z,,16.6615,1,C2 (12.1-35.4)
46215,44.9100027,-93.2322485,2022-07-08T12:00:00Z,87.983,2.2605000000000004,5,C6 (>500)
17189,44.9812848,-93.2716517,2022-07-08T12:00:00Z,85.267,4.852,5,C6 (>500)
43305,44.898873,-93.302307,2022-07-08T12:00:00Z,82.578,16.1115,1,C2 (12.1-35.4)
107096,44.94275,-93.1704394,2022-07-08T12:00:00Z,85.444,3.585,5,C6 (>500)
108274,45.030721,-93.393912,2022-07-08T12:00:00Z,85.6,8.900500000000001,0,C1 (<12)
142720,44.956349,-93.255908,2022-07-08T12:00:00Z,81.894,16.352,1,C2 (12.1-35.4)
11134,44.927815,-93.322808,2022-07-08T12:00:00Z,32.0,15.2765,1,C2 (12.1-35.4)
143648,45.03,-93.292549,2022-07-08T18:00:00Z,92.639,9.219,0,C1 (<12)
145250,44.9681144,-93.3170144,2022-07-08T18:00:00Z,91.767,11.2445,3,C4 (>55.4)
107082,44.9202,-93.17529,2022-07-08T18:00:00Z,82.844,4.016,5,C6 (>500)
11134,44.927815,-93.322808,2022-07-08T18:00:00Z,32.0,10.861,3,C4 (>55.4)
17189,44.9812848,-93.2716517,2022-07-08T18:00:00Z,84.967,3.826,5,C6 (>500)
46215,44.9100027,-93.2322485,2022-07-08T18:00:00Z,88.689,3.1915,5,C6 (>500)
75827,44.932755,-93.140978,2022-07-08T18:00:00Z,-228.0,10.3985,3,C4 (>55.4)
143238,45.0423825,-93.2978862,2022-07-08T18:00:00Z,88.333,10.4,3,C4 (>55.4)
113486,44.927942,-93.254285,2022-07-08T18:00:00Z,85.594,7.288,0,C1 (<12)
108366,44.8798835,-93.3896065,2022-07-08T18:00:00Z,87.772,14.2595,1,C2 (12.1-35.4)
147749,44.955786,-93.385116,2022-07-08T18:00:00Z,80.0835,2.436,5,C6 (>500)
143226,44.9114735,-93.2251173,2022-07-08T18:00:00Z,89.228,11.8915,3,C4 (>55.4)
23989,45.112031,-93.277993,2022-07-08T18:00:00Z,87.561,7.8275,0,C1 (<12)
107096,44.94275,-93.1704394,2022-07-08T18:00:00Z,87.778,2.949,5,C6 (>500)
143242,44.9675165,-93.2114928,2022-07-08T18:00:00Z,83.856,9.3865,0,C1 (<12)
3088,44.935901,-93.21761,2022-07-08T18:00:00Z,89.578,6.21,0,C1 (<12)
143214,44.9063869,-93.2323539,2022-07-08T18:00:00Z,85.761,11.64,3,C4 (>55.4)
54907,45.00335341,-93.25570528,2022-07-08T18:00:00Z,89.406,9.5245,0,C1 (<12)
108364,44.878977,-93.354913,2022-07-08T18:00:00Z,,12.4065,3,C4 (>55.4)
142720,44.956349,-93.255908,2022-07-08T18:00:00Z,88.889,11.0315,3,C4 (>55.4)
85113,44.9364071,-93.1789915,2022-07-08T18:00:00Z,90.4,10.5655,3,C4 (>55.4)
43305,44.898873,-93.302307,2022-07-08T18:00:00Z,87.711,11.178999999999998,3,C4 (>55.4)
108274,45.030721,-93.393912,2022-07-08T18:00:00Z,91.522,4.6555,5,C6 (>500)
21179,44.9659784,-93.284883,2022-07-08T18:00:00Z,84.767,10.056,3,C4 (>55.4)
126487,45.0386,-93.2142,2022-07-08T18:00:00Z,88.317,4.608499999999999,5,C6 (>500)
128195,44.935632,-93.186259,2022-07-08T18:00:00Z,88.517,6.001,0,C1 (<12)
145470,44.908042,-93.2313388,2022-07-08T18:00:00Z,88.872,11.439,3,C4 (>55.4)
147749,44.955786,-93.385116,2022-07-09T00:00:00Z,82.0695,0.3385,5,C6 (>500)
126487,45.0386,-93.2142,2022-07-09T00:00:00Z,81.639,9.4115,0,C1 (<12)
107096,44.94275,-93.1704394,2022-07-09T00:00:00Z,86.75,0.895,5,C6 (>500)
107082,44.9202,-93.17529,2022-07-09T00:00:00Z,82.095,3.571,5,C6 (>500)
75827,44.932755,-93.140978,2022-07-09T00:00:00Z,-228.0,11.955,3,C4 (>55.4)
11134,44.927815,-93.322808,2022-07-09T00:00:00Z,32.0,11.2565,3,C4 (>55.4)
85113,44.9364071,-93.1789915,2022-07-09T00:00:00Z,81.872,13.687,3,C4 (>55.4)
43305,44.898873,-93.302307,2022-07-09T00:00:00Z,82.272,12.305,3,C4 (>55.4)
128195,44.935632,-93.186259,2022-07-09T00:00:00Z,80.889,9.112,0,C1 (<12)
108366,44.8798835,-93.3896065,2022-07-09T00:00:00Z,81.517,12.9255,3,C4 (>55.4)
108364,44.878977,-93.354913,2022-07-09T00:00:00Z,,11.343,3,C4 (>55.4)
17189,44.9812848,-93.2716517,2022-07-09T00:00:00Z,85.872,3.383,5,C6 (>500)
54907,45.00335341,-93.25570528,2022-07-09T00:00:00Z,81.728,12.8965,3,C4 (>55.4)
21179,44.9659784,-93.284883,2022-07-09T00:00:00Z,82.411,10.498,3,C4 (>55.4)
142720,44.956349,-93.255908,2022-07-09T00:00:00Z,82.523,15.57,1,C2 (12.1-35.4)
143648,45.03,-93.292549,2022-07-09T00:00:00Z,84.039,12.475,3,C4 (>55.4)
46215,44.9100027,-93.2322485,2022-07-09T00:00:00Z,88.822,2.6095,5,C6 (>500)
145250,44.9681144,-93.3170144,2022-07-09T00:00:00Z,82.072,12.3345,3,C4 (>55.4)
3088,44.935901,-93.21761,2022-07-09T00:00:00Z,83.778,8.530000000000001,0,C1 (<12)
113486,44.927942,-93.254285,2022-07-09T00:00:00Z,82.35,9.214,0,C1 (<12)
143214,44.9063869,-93.2323539,2022-07-09T00:00:00Z,81.067,12.1795,3,C4 (>55.4)
143242,44.9675165,-93.2114928,2022-07-09T00:00:00Z,81.178,11.3005,3,C4 (>55.4)
145470,44.908042,-93.2313388,2022-07-09T00:00:00Z,78.894,14.825,1,C2 (12.1-35.4)
143226,44.9114735,-93.2251173,2022-07-09T00:00:00Z,81.383,11.9115,3,C4 (>55.4)
23989,45.112031,-93.277993,2022-07-09T00:00:00Z,82.144,10.3175,3,C4 (>55.4)
108274,45.030721,-93.393912,2022-07-09T00:00:00Z,84.922,5.192,5,C6 (>500)
43305,44.898873,-93.302307,2022-07-09T06:00:00Z,75.195,20.1365,2,C3 (35.5-55.4)
126487,45.0386,-93.2142,2022-07-09T06:00:00Z,75.056,13.3615,3,C4 (>55.4)
46215,44.9100027,-93.2322485,2022-07-09T06:00:00Z,81.861,1.378,5,C6 (>500)
145470,44.908042,-93.2313388,2022-07-09T06:00:00Z,70.917,17.716,1,C2 (12.1-35.4)
142720,44.956349,-93.255908,2022-07-09T06:00:00Z,74.928,18.41,1,C2 (12.1-35.4)
85113,44.9364071,-93.1789915,2022-07-09T06:00:00Z,74.483,14.777,1,C2 (12.1-35.4)
108364,44.878977,-93.354913,2022-07-09T06:00:00Z,,14.53,1,C2 (12.1-35.4)
54907,45.00335341,-93.25570528,2022-07-09T06:00:00Z,75.039,14.8915,1,C2 (12.1-35.4)
3088,44.935901,-93.21761,2022-07-09T06:00:00Z,76.644,9.427,0,C1 (<12)
143226,44.9114735,-93.2251173,2022-07-09T06:00:00Z,73.561,15.442,1,C2 (12.1-35.4)
75827,44.932755,-93.140978,2022-07-09T06:00:00Z,-228.0,12.736999999999998,3,C4 (>55.4)
143242,44.9675165,-93.2114928,2022-07-09T06:00:00Z,75.283,13.491,3,C4 (>55.4)
107096,44.94275,-93.1704394,2022-07-09T06:00:00Z,84.933,1.077,5,C6 (>500)
108366,44.8798835,-93.3896065,2022-07-09T06:00:00Z,75.15,17.7865,1,C2 (12.1-35.4)
113486,44.927942,-93.254285,2022-07-09T06:00:00Z,75.367,14.133,1,C2 (12.1-35.4)
147749,44.955786,-93.385116,2022-07-09T06:00:00Z,82.13900000000001,2.4425,5,C6 (>500)
143214,44.9063869,-93.2323539,2022-07-09T06:00:00Z,74.033,16.426499999999997,1,C2 (12.1-35.4)
128195,44.935632,-93.186259,2022-07-09T06:00:00Z,74.228,10.2625,3,C4 (>55.4)
145250,44.9681144,-93.3170144,2022-07-09T06:00:00Z,74.906,18.8015,1,C2 (12.1-35.4)
17189,44.9812848,-93.2716517,2022-07-09T06:00:00Z,87.183,4.23,5,C6 (>500)
108274,45.030721,-93.393912,2022-07-09T06:00:00Z,78.128,11.014,3,C4 (>55.4)
107082,44.9202,-93.17529,2022-07-09T06:00:00Z,82.178,3.889,5,C6 (>500)
21179,44.9659784,-93.284883,2022-07-09T06:00:00Z,76.6,14.0995,1,C2 (12.1-35.4)
23989,45.112031,-93.277993,2022-07-09T06:00:00Z,74.245,13.6175,3,C4 (>55.4)
143648,45.03,-93.292549,2022-07-09T06:00:00Z,75.239,17.3385,1,C2 (12.1-35.4)
11134,44.927815,-93.322808,2022-07-09T06:00:00Z,32.0,15.6,1,C2 (12.1-35.4)
21179,44.9659784,-93.284883,2022-07-09T12:00:00Z,84.105,8.455,0,C1 (<12)
46215,44.9100027,-93.2322485,2022-07-09T12:00:00Z,79.684,1.514,5,C6 (>500)
85113,44.9364071,-93.1789915,2022-07-09T12:00:00Z,83.961,8.6755,0,C1 (<12)
75827,44.932755,-93.140978,2022-07-09T12:00:00Z,-228.0,7.752499999999999,0,C1 (<12)
108364,44.878977,-93.354913,2022-07-09T12:00:00Z,,9.875,0,C1 (<12)
17189,44.9812848,-93.2716517,2022-07-09T12:00:00Z,84.489,3.102,5,C6 (>500)
11134,44.927815,-93.322808,2022-07-09T12:00:00Z,32.0,8.6795,0,C1 (<12)
3088,44.935901,-93.21761,2022-07-09T12:00:00Z,83.963,5.2745,5,C6 (>500)
107082,44.9202,-93.17529,2022-07-09T12:00:00Z,82.189,2.597,5,C6 (>500)
107096,44.94275,-93.1704394,2022-07-09T12:00:00Z,84.889,21.633,2,C3 (35.5-55.4)
143214,44.9063869,-93.2323539,2022-07-09T12:00:00Z,82.344,8.807500000000001,0,C1 (<12)
108366,44.8798835,-93.3896065,2022-07-09T12:00:00Z,83.683,11.2635,3,C4 (>55.4)
143242,44.9675165,-93.2114928,2022-07-09T12:00:00Z,81.339,8.216,0,C1 (<12)
113486,44.927942,-93.254285,2022-07-09T12:00:00Z,80.894,5.163,5,C6 (>500)
54907,45.00335341,-93.25570528,2022-07-09T12:00:00Z,86.728,8.6965,0,C1 (<12)
143648,45.03,-93.292549,2022-07-09T12:00:00Z,80.983,9.9185,0,C1 (<12)
147749,44.955786,-93.385116,2022-07-09T12:00:00Z,82.122,2.624,5,C6 (>500)
142720,44.956349,-93.255908,2022-07-09T12:00:00Z,80.8,12.094,3,C4 (>55.4)
128195,44.935632,-93.186259,2022-07-09T12:00:00Z,86.82,3.9815,5,C6 (>500)
143226,44.9114735,-93.2251173,2022-07-09T12:00:00Z,90.006,8.469,0,C1 (<12)
145470,44.908042,-93.2313388,2022-07-09T12:00:00Z,83.622,9.0215,0,C1 (<12)
145250,44.9681144,-93.3170144,2022-07-09T12:00:00Z,79.389,11.019,3,C4 (>55.4)
126487,45.0386,-93.2142,2022-07-09T12:00:00Z,88.411,5.1575,5,C6 (>500)
108274,45.030721,-93.393912,2022-07-09T12:00:00Z,83.55,4.804,5,C6 (>500)
43305,44.898873,-93.302307,2022-07-09T12:00:00Z,81.067,8.8275,0,C1 (<12)
23989,45.112031,-93.277993,2022-07-09T12:00:00Z,81.228,9.166,0,C1 (<12)
11134,44.927815,-93.322808,2022-07-09T18:00:00Z,32.0,8.7685,0,C1 (<12)
46215,44.9100027,-93.2322485,2022-07-09T18:00:00Z,80.1,40.703,4,C5 (150.4-500)
43305,44.898873,-93.302307,2022-07-09T18:00:00Z,87.967,8.247,0,C1 (<12)
142720,44.956349,-93.255908,2022-07-09T18:00:00Z,93.395,10.2405,3,C4 (>55.4)
21179,44.9659784,-93.284883,2022-07-09T18:00:00Z,88.095,8.568999999999999,0,C1 (<12)
75827,44.932755,-93.140978,2022-07-09T18:00:00Z,-228.0,7.1415,0,C1 (<12)
107082,44.9202,-93.17529,2022-07-09T18:00:00Z,82.133,2.596,5,C6 (>500)
108366,44.8798835,-93.3896065,2022-07-09T18:00:00Z,91.672,10.6345,3,C4 (>55.4)
126487,45.0386,-93.2142,2022-07-09T18:00:00Z,91.978,5.353,5,C6 (>500)
128195,44.935632,-93.186259,2022-07-09T18:00:00Z,95.86,3.6215,5,C6 (>500)
143242,44.9675165,-93.2114928,2022-07-09T18:00:00Z,87.423,7.8775,0,C1 (<12)
107096,44.94275,-93.1704394,2022-07-09T18:00:00Z,90.222,14.495,1,C2 (12.1-35.4)
143214,44.9063869,-93.2323539,2022-07-09T18:00:00Z,89.017,8.196,0,C1 (<12)
3088,44.935901,-93.21761,2022-07-09T18:00:00Z,93.627,4.466,5,C6 (>500)
23989,45.112031,-93.277993,2022-07-09T18:00:00Z,91.572,9.0935,0,C1 (<12)
108274,45.030721,-93.393912,2022-07-09T18:00:00Z,94.25,4.9405,5,C6 (>500)
113486,44.927942,-93.254285,2022-07-09T18:00:00Z,91.1,5.297,5,C6 (>500)
147749,44.955786,-93.385116,2022-07-09T18:00:00Z,80.79150000000001,14.937,1,C2 (12.1-35.4)
108364,44.878977,-93.354913,2022-07-09T18:00:00Z,,8.959,0,C1 (<12)
143648,45.03,-93.292549,2022-07-09T18:00:00Z,92.65,9.988499999999998,3,C4 (>55.4)
17189,44.9812848,-93.2716517,2022-07-09T18:00:00Z,84.028,3.105,5,C6 (>500)
145470,44.908042,-93.2313388,2022-07-09T18:00:00Z,91.161,8.343,0,C1 (<12)
54907,45.00335341,-93.25570528,2022-07-09T18:00:00Z,92.972,8.977,0,C1 (<12)
143226,44.9114735,-93.2251173,2022-07-09T18:00:00Z,92.939,7.8345,0,C1 (<12)
145250,44.9681144,-93.3170144,2022-07-09T18:00:00Z,91.983,12.888,3,C4 (>55.4)
85113,44.9364071,-93.1789915,2022-07-09T18:00:00Z,94.772,7.85,0,C1 (<12)
126487,45.0386,-93.2142,2022-07-10T00:00:00Z,83.728,5.932499999999999,0,C1 (<12)
145250,44.9681144,-93.3170144,2022-07-10T00:00:00Z,83.078,11.721,3,C4 (>55.4)
143226,44.9114735,-93.2251173,2022-07-10T00:00:00Z,84.044,10.371,3,C4 (>55.4)
46215,44.9100027,-93.2322485,2022-07-10T00:00:00Z,79.922,11.3215,3,C4 (>55.4)
107082,44.9202,-93.17529,2022-07-10T00:00:00Z,82.136,2.868,5,C6 (>500)
147749,44.955786,-93.385116,2022-07-10T00:00:00Z,80.8695,11.0645,3,C4 (>55.4)
75827,44.932755,-93.140978,2022-07-10T00:00:00Z,-228.0,9.5635,0,C1 (<12)
145470,44.908042,-93.2313388,2022-07-10T00:00:00Z,81.02,10.406,3,C4 (>55.4)
143214,44.9063869,-93.2323539,2022-07-10T00:00:00Z,83.233,9.589,0,C1 (<12)
113486,44.927942,-93.254285,2022-07-10T00:00:00Z,85.639,7.098,0,C1 (<12)
107096,44.94275,-93.1704394,2022-07-10T00:00:00Z,89.111,2.685,5,C6 (>500)
85113,44.9364071,-93.1789915,2022-07-10T00:00:00Z,84.456,9.5385,0,C1 (<12)
143648,45.03,-93.292549,2022-07-10T00:00:00Z,84.106,12.223,3,C4 (>55.4)
21179,44.9659784,-93.284883,2022-07-10T00:00:00Z,83.755,9.5505,0,C1 (<12)
142720,44.956349,-93.255908,2022-07-10T00:00:00Z,84.006,14.282,1,C2 (12.1-35.4)
43305,44.898873,-93.302307,2022-07-10T00:00:00Z,83.633,9.745,0,C1 (<12)
3088,44.935901,-93.21761,2022-07-10T00:00:00Z,85.561,7.1765,0,C1 (<12)
11134,44.927815,-93.322808,2022-07-10T00:00:00Z,32.0,10.3955,3,C4 (>55.4)
54907,45.00335341,-93.25570528,2022-07-10T00:00:00Z,83.489,10.6125,3,C4 (>55.4)
108364,44.878977,-93.354913,2022-07-10T00:00:00Z,,11.362,3,C4 (>55.4)
108274,45.030721,-93.393912,2022-07-10T00:00:00Z,86.595,7.289999999999999,0,C1 (<12)
23989,45.112031,-93.277993,2022-07-10T00:00:00Z,83.805,10.6075,3,C4 (>55.4)
128195,44.935632,-93.186259,2022-07-10T00:00:00Z,83.889,4.8035,5,C6 (>500)
108366,44.8798835,-93.3896065,2022-07-10T00:00:00Z,81.6,10.6035,3,C4 (>55.4)
17189,44.9812848,-93.2716517,2022-07-10T00:00:00Z,85.317,3.534,5,C6 (>500)
143242,44.9675165,-93.2114928,2022-07-10T00:00:00Z,82.867,8.8275,0,C1 (<12)
17189,44.9812848,-93.2716517,2022-07-10T06:00:00Z,86.394,3.592,5,C6 (>500)
46215,44.9100027,-93.2322485,2022-07-10T06:00:00Z,76.961,1.1385,5,C6 (>500)
145250,44.9681144,-93.3170144,2022-07-10T06:00:00Z,76.978,9.2065,0,C1 (<12)
143242,44.9675165,-93.2114928,2022-07-10T06:00:00Z,77.311,7.827,0,C1 (<12)
145470,44.908042,-93.2313388,2022-07-10T06:00:00Z,74.383,8.846499999999999,0,C1 (<12)
21179,44.9659784,-93.284883,2022-07-10T06:00:00Z,77.472,7.541,0,C1 (<12)
43305,44.898873,-93.302307,2022-07-10T06:00:00Z,77.578,14.5305,1,C2 (12.1-35.4)
128195,44.935632,-93.186259,2022-07-10T06:00:00Z,77.267,3.802,5,C6 (>500)
126487,45.0386,-93.2142,2022-07-10T06:00:00Z,77.544,4.4915,5,C6 (>500)
143648,45.03,-93.292549,2022-07-10T06:00:00Z,77.055,8.919,0,C1 (<12)
85113,44.9364071,-93.1789915,2022-07-10T06:00:00Z,77.65,8.2485,0,C1 (<12)
143226,44.9114735,-93.2251173,2022-07-10T06:00:00Z,76.894,8.5095,0,C1 (<12)
143214,44.9063869,-93.2323539,2022-07-10T06:00:00Z,76.878,8.465499999999999,0,C1 (<12)
113486,44.927942,-93.254285,2022-07-10T06:00:00Z,79.172,4.6865,5,C6 (>500)
108364,44.878977,-93.354913,2022-07-10T06:00:00Z,,8.258,0,C1 (<12)
147749,44.955786,-93.385116,2022-07-10T06:00:00Z,82.0,0.474,5,C6 (>500)
23989,45.112031,-93.277993,2022-07-10T06:00:00Z,77.428,8.6175,0,C1 (<12)
54907,45.00335341,-93.25570528,2022-07-10T06:00:00Z,76.905,8.8585,0,C1 (<12)
108274,45.030721,-93.393912,2022-07-10T06:00:00Z,80.344,3.426,5,C6 (>500)
3088,44.935901,-93.21761,2022-07-10T06:00:00Z,79.022,5.169499999999999,5,C6 (>500)
11134,44.927815,-93.322808,2022-07-10T06:00:00Z,32.0,7.346999999999999,0,C1 (<12)
107096,44.94275,-93.1704394,2022-07-10T06:00:00Z,86.928,0.943,5,C6 (>500)
108366,44.8798835,-93.3896065,2022-07-10T06:00:00Z,76.072,9.56,0,C1 (<12)
107082,44.9202,-93.17529,2022-07-10T06:00:00Z,82.06,2.545,5,C6 (>500)
142720,44.956349,-93.255908,2022-07-10T06:00:00Z,77.583,9.358,0,C1 (<12)
75827,44.932755,-93.140978,2022-07-10T06:00:00Z,-228.0,7.807,0,C1 (<12)
108274,45.030721,-93.393912,2022-07-10T12:00:00Z,85.222,4.5295000000000005,5,C6 (>500)
147749,44.955786,-93.385116,2022-07-10T12:00:00Z,81.5,11.0535,3,C4 (>55.4)
108366,44.8798835,-93.3896065,2022-07-10T12:00:00Z,83.178,11.5925,3,C4 (>55.4)
108364,44.878977,-93.354913,2022-07-10T12:00:00Z,,10.269,3,C4 (>55.4)
43305,44.898873,-93.302307,2022-07-10T12:00:00Z,82.594,12.601,3,C4 (>55.4)
11134,44.927815,-93.322808,2022-07-10T12:00:00Z,32.0,9.4495,0,C1 (<12)
145250,44.9681144,-93.3170144,2022-07-10T12:00:00Z,81.855,11.386,3,C4 (>55.4)
143648,45.03,-93.292549,2022-07-10T12:00:00Z,83.8,9.8875,0,C1 (<12)
54907,45.00335341,-93.25570528,2022-07-10T12:00:00Z,84.556,9.651,0,C1 (<12)
143242,44.9675165,-93.2114928,2022-07-10T12:00:00Z,82.495,9.1305,0,C1 (<12)
143214,44.9063869,-93.2323539,2022-07-10T12:00:00Z,83.439,10.357,3,C4 (>55.4)
126487,45.0386,-93.2142,2022-07-10T12:00:00Z,84.054,5.837,0,C1 (<12)
145470,44.908042,-93.2313388,2022-07-10T12:00:00Z,83.406,10.136,3,C4 (>55.4)
46215,44.9100027,-93.2322485,2022-07-10T12:00:00Z,79.694,11.1025,3,C4 (>55.4)
143226,44.9114735,-93.2251173,2022-07-10T12:00:00Z,85.65,9.5575,0,C1 (<12)
113486,44.927942,-93.254285,2022-07-10T12:00:00Z,84.094,5.7075,5,C6 (>500)
3088,44.935901,-93.21761,2022-07-10T12:00:00Z,85.016,5.984500000000001,0,C1 (<12)
142720,44.956349,-93.255908,2022-07-10T12:00:00Z,82.772,10.9575,3,C4 (>55.4)
21179,44.9659784,-93.284883,2022-07-10T12:00:00Z,82.072,9.1015,0,C1 (<12)
17189,44.9812848,-93.2716517,2022-07-10T12:00:00Z,85.133,3.381,5,C6 (>500)
107082,44.9202,-93.17529,2022-07-10T12:00:00Z,82.445,2.821,5,C6 (>500)
128195,44.935632,-93.186259,2022-07-10T12:00:00Z,87.294,4.9715,5,C6 (>500)
85113,44.9364071,-93.1789915,2022-07-10T12:00:00Z,87.128,9.856,0,C1 (<12)
107096,44.94275,-93.1704394,2022-07-10T12:00:00Z,87.206,17.129,1,C2 (12.1-35.4)
23989,45.112031,-93.277993,2022-07-10T12:00:00Z,83.711,9.071,0,C1 (<12)
75827,44.932755,-93.140978,2022-07-10T12:00:00Z,-228.0,9.255,0,C1 (<12)
46215,44.9100027,-93.2322485,2022-07-10T18:00:00Z,80.672,5.3645,5,C6 (>500)
126487,45.0386,-93.2142,2022-07-10T18:00:00Z,86.906,8.2835,0,C1 (<12)
108274,45.030721,-93.393912,2022-07-10T18:00:00Z,89.856,5.4435,5,C6 (>500)
147749,44.955786,-93.385116,2022-07-10T18:00:00Z,80.4805,1.0185,5,C6 (>500)
108366,44.8798835,-93.3896065,2022-07-10T18:00:00Z,87.378,11.7725,3,C4 (>55.4)
108364,44.878977,-93.354913,2022-07-10T18:00:00Z,,11.5945,3,C4 (>55.4)
43305,44.898873,-93.302307,2022-07-10T18:00:00Z,87.617,9.22,0,C1 (<12)
11134,44.927815,-93.322808,2022-07-10T18:00:00Z,32.0,10.242,3,C4 (>55.4)
145250,44.9681144,-93.3170144,2022-07-10T18:00:00Z,86.511,29.57,2,C3 (35.5-55.4)
143648,45.03,-93.292549,2022-07-10T18:00:00Z,87.678,12.6945,3,C4 (>55.4)
54907,45.00335341,-93.25570528,2022-07-10T18:00:00Z,87.578,12.0635,3,C4 (>55.4)
143242,44.9675165,-93.2114928,2022-07-10T18:00:00Z,84.456,10.8235,3,C4 (>55.4)
23989,45.112031,-93.277993,2022-07-10T18:00:00Z,86.294,12.329999999999998,3,C4 (>55.4)
143214,44.9063869,-93.2323539,2022-07-10T18:00:00Z,86.35,11.1115,3,C4 (>55.4)
143226,44.9114735,-93.2251173,2022-07-10T18:00:00Z,85.915,13.127,3,C4 (>55.4)
113486,44.927942,-93.254285,2022-07-10T18:00:00Z,88.495,6.4285,0,C1 (<12)
3088,44.935901,-93.21761,2022-07-10T18:00:00Z,89.033,6.5145,0,C1 (<12)
142720,44.956349,-93.255908,2022-07-10T18:00:00Z,87.333,13.025,3,C4 (>55.4)
21179,44.9659784,-93.284883,2022-07-10T18:00:00Z,86.1,10.3835,3,C4 (>55.4)
17189,44.9812848,-93.2716517,2022-07-10T18:00:00Z,84.772,3.302,5,C6 (>500)
107082,44.9202,-93.17529,2022-07-10T18:00:00Z,82.106,3.958,5,C6 (>500)
128195,44.935632,-93.186259,2022-07-10T18:00:00Z,88.561,6.19,0,C1 (<12)
85113,44.9364071,-93.1789915,2022-07-10T18:00:00Z,89.234,11.2705,3,C4 (>55.4)
107096,44.94275,-93.1704394,2022-07-10T18:00:00Z,88.278,5.774,0,C1 (<12)
145470,44.908042,-93.2313388,2022-07-10T18:00:00Z,86.511,11.686,3,C4 (>55.4)
75827,44.932755,-93.140978,2022-07-10T18:00:00Z,-228.0,14.936,1,C2 (12.1-35.4)
