Sensor_ID,Y,X,time_stamp,pm2.5_atm
3088,44.935818,-93.21752,2023-10-09T00:00:00Z,1672.166
193171,45.05231,-93.36097,2023-10-09T00:00:00Z,3.1525
61239,45.0043,-93.2546,2023-10-09T00:00:00Z,3.5075000000000003
145498,44.935925,-93.2779,2023-10-09T00:00:00Z,4.4795
142750,44.921528,-93.32784,2023-10-09T00:00:00Z,3.118
157935,44.930527,-93.32394,2023-10-09T00:00:00Z,2.4225
11134,44.92776,-93.32235,2023-10-09T00:00:00Z,2.914
157877,44.901764,-93.2089,2023-10-09T00:00:00Z,2.2115
143656,44.932285,-93.28308,2023-10-09T00:00:00Z,2.8715
143660,44.93786,-93.214035,2023-10-09T00:00:00Z,3.7495
142732,44.916058,-93.274155,2023-10-09T00:00:00Z,1.7845
77405,44.966743,-93.17984,2023-10-09T00:00:00Z,432.3255
142734,44.90432,-93.280624,2023-10-09T00:00:00Z,3.6275
145470,44.90896,-93.23099,2023-10-09T00:00:00Z,3.3205
143666,44.998505,-93.24864,2023-10-09T00:00:00Z,3.9355
142744,44.996323,-93.29719,2023-10-09T00:00:00Z,3.4015000000000004
142748,44.965744,-93.285416,2023-10-09T00:00:00Z,3.204
143636,45.009544,-93.29431,2023-10-09T00:00:00Z,5.451
145506,44.916107,-93.25623,2023-10-09T00:00:00Z,4.0575
143224,45.008877,-93.249146,2023-10-09T00:00:00Z,5.923
157845,44.928734,-93.26885,2023-10-09T00:00:00Z,1761.1585
193207,44.998047,-93.20551,2023-10-09T00:00:00Z,3.88
145604,44.962765,-93.23776,2023-10-09T00:00:00Z,3.7135
143240,44.987465,-93.25782,2023-10-09T00:00:00Z,3.5700000000000003
43305,44.899097,-93.30169,2023-10-09T00:00:00Z,1667.6935
143226,44.91171,-93.227066,2023-10-09T00:00:00Z,4.746499999999999
21179,44.965965,-93.284615,2023-10-09T00:00:00Z,3.997
157861,44.930527,-93.25872,2023-10-09T00:00:00Z,4.0695
143216,44.97844,-93.263535,2023-10-09T00:00:00Z,3.4475
143214,44.90534,-93.232285,2023-10-09T00:00:00Z,3.074
143246,44.901524,-93.276825,2023-10-09T00:00:00Z,1.5375
157871,44.934166,-93.27013,2023-10-09T00:00:00Z,1.5
54907,45.003338,-93.25568,2023-10-09T00:00:00Z,3.6595
142774,44.953075,-93.31713,2023-10-09T00:00:00Z,3.0205
166459,44.896046,-93.26775,2023-10-09T00:00:00Z,2.547
142724,44.937733,-93.24356,2023-10-09T00:00:00Z,3.0805
161401,44.979156,-93.31753,2023-10-09T00:00:00Z,3.188
188539,44.98458,-93.267876,2023-10-09T00:00:00Z,6.3805
145454,44.94475,-93.23892,2023-10-09T00:00:00Z,4.0405
143942,44.98081,-93.30325,2023-10-09T00:00:00Z,3.898
174451,44.953358,-93.247055,2023-10-09T00:00:00Z,4.2005
183325,45.02024,-93.23328,2023-10-09T00:00:00Z,4.612
99807,44.91834,-93.32371,2023-10-09T00:00:00Z,7.4015
113486,44.928123,-93.25389,2023-10-09T00:00:00Z,0.0935
128195,44.93578,-93.18634,2023-10-09T00:00:00Z,0.1235
145250,44.96758,-93.3164,2023-10-09T00:00:00Z,3.4345
110979,44.997475,-93.25726,2023-10-09T00:00:00Z,3.555
174855,45.05947,-93.294075,2023-10-09T00:00:00Z,3.0795
145242,45.007458,-93.26463,2023-10-09T00:00:00Z,3.1315
108364,44.878834,-93.35441,2023-10-09T00:00:00Z,2.7235
182801,44.961143,-93.18576,2023-10-09T00:00:00Z,3.539
101525,44.893944,-93.30508,2023-10-09T00:00:00Z,2.499
145204,44.967304,-93.21772,2023-10-09T00:00:00Z,2.84
142718,44.99631,-93.29565,2023-10-09T00:00:00Z,4.167999999999999
143242,44.96826,-93.21156,2023-10-09T00:00:00Z,3.024
143916,44.960915,-93.26111,2023-10-09T00:00:00Z,4.144
5582,44.891655,-93.34291,2023-10-09T00:00:00Z,2.035
142720,44.955555,-93.254974,2023-10-09T00:00:00Z,4.1735
85113,44.93642,-93.17899,2023-10-09T00:00:00Z,4.526
168327,44.95194,-93.263916,2023-10-09T00:00:00Z,2.9755
143214,44.90534,-93.232285,2023-10-09T06:00:00Z,3.631
110979,44.997475,-93.25726,2023-10-09T06:00:00Z,5.2
143216,44.97844,-93.263535,2023-10-09T06:00:00Z,4.183
157861,44.930527,-93.25872,2023-10-09T06:00:00Z,3.855
142734,44.90432,-93.280624,2023-10-09T06:00:00Z,3.49
174855,45.05947,-93.294075,2023-10-09T06:00:00Z,3.6425
143226,44.91171,-93.227066,2023-10-09T06:00:00Z,3.6515
142718,44.99631,-93.29565,2023-10-09T06:00:00Z,5.4495000000000005
77405,44.966743,-93.17984,2023-10-09T06:00:00Z,1452.693
108364,44.878834,-93.35441,2023-10-09T06:00:00Z,3.027
157845,44.928734,-93.26885,2023-10-09T06:00:00Z,1941.2695
142720,44.955555,-93.254974,2023-10-09T06:00:00Z,6.0435
193207,44.998047,-93.20551,2023-10-09T06:00:00Z,4.2225
182801,44.961143,-93.18576,2023-10-09T06:00:00Z,4.3135
142724,44.937733,-93.24356,2023-10-09T06:00:00Z,4.737500000000001
43305,44.899097,-93.30169,2023-10-09T06:00:00Z,1669.0315
168327,44.95194,-93.263916,2023-10-09T06:00:00Z,3.664
188539,44.98458,-93.267876,2023-10-09T06:00:00Z,4.1615
157871,44.934166,-93.27013,2023-10-09T06:00:00Z,2.0325
142744,44.996323,-93.29719,2023-10-09T06:00:00Z,4.057
128195,44.93578,-93.18634,2023-10-09T06:00:00Z,0.7195
85113,44.93642,-93.17899,2023-10-09T06:00:00Z,4.43
61239,45.0043,-93.2546,2023-10-09T06:00:00Z,5.2005
142732,44.916058,-93.274155,2023-10-09T06:00:00Z,2.299
142750,44.921528,-93.32784,2023-10-09T06:00:00Z,4.0905000000000005
193171,45.05231,-93.36097,2023-10-09T06:00:00Z,3.628
157877,44.901764,-93.2089,2023-10-09T06:00:00Z,2.1545
174451,44.953358,-93.247055,2023-10-09T06:00:00Z,4.8235
166459,44.896046,-93.26775,2023-10-09T06:00:00Z,2.3405
142748,44.965744,-93.285416,2023-10-09T06:00:00Z,3.775
143224,45.008877,-93.249146,2023-10-09T06:00:00Z,5.550000000000001
161401,44.979156,-93.31753,2023-10-09T06:00:00Z,3.0295
99807,44.91834,-93.32371,2023-10-09T06:00:00Z,3.1245000000000003
142774,44.953075,-93.31713,2023-10-09T06:00:00Z,3.6405
101525,44.893944,-93.30508,2023-10-09T06:00:00Z,3.0855
113486,44.928123,-93.25389,2023-10-09T06:00:00Z,0.0965
157935,44.930527,-93.32394,2023-10-09T06:00:00Z,2.9415
183325,45.02024,-93.23328,2023-10-09T06:00:00Z,4.2855
54907,45.003338,-93.25568,2023-10-09T06:00:00Z,5.9695
5582,44.891655,-93.34291,2023-10-09T06:00:00Z,2.145
143242,44.96826,-93.21156,2023-10-09T06:00:00Z,3.9985
145454,44.94475,-93.23892,2023-10-09T06:00:00Z,5.3755
143942,44.98081,-93.30325,2023-10-09T06:00:00Z,4.1585
143660,44.93786,-93.214035,2023-10-09T06:00:00Z,4.1575
143666,44.998505,-93.24864,2023-10-09T06:00:00Z,6.035
143916,44.960915,-93.26111,2023-10-09T06:00:00Z,5.0875
145506,44.916107,-93.25623,2023-10-09T06:00:00Z,4.1195
143240,44.987465,-93.25782,2023-10-09T06:00:00Z,5.404
21179,44.965965,-93.284615,2023-10-09T06:00:00Z,20.17
145604,44.962765,-93.23776,2023-10-09T06:00:00Z,4.814
145250,44.96758,-93.3164,2023-10-09T06:00:00Z,3.6215
145204,44.967304,-93.21772,2023-10-09T06:00:00Z,3.8145
143656,44.932285,-93.28308,2023-10-09T06:00:00Z,4.0445
11134,44.92776,-93.32235,2023-10-09T06:00:00Z,3.065
143636,45.009544,-93.29431,2023-10-09T06:00:00Z,5.454
145242,45.007458,-93.26463,2023-10-09T06:00:00Z,4.0305
145470,44.90896,-93.23099,2023-10-09T06:00:00Z,5.5120000000000005
143246,44.901524,-93.276825,2023-10-09T06:00:00Z,1.8135
145498,44.935925,-93.2779,2023-10-09T06:00:00Z,4.6235
3088,44.935818,-93.21752,2023-10-09T06:00:00Z,1773.602
142734,44.90432,-93.280624,2023-10-09T12:00:00Z,2.5715
77405,44.966743,-93.17984,2023-10-09T12:00:00Z,1178.1505
145470,44.90896,-93.23099,2023-10-09T12:00:00Z,4.6565
188539,44.98458,-93.267876,2023-10-09T12:00:00Z,3.781
143656,44.932285,-93.28308,2023-10-09T12:00:00Z,2.3135000000000003
143660,44.93786,-93.214035,2023-10-09T12:00:00Z,3.0685
142732,44.916058,-93.274155,2023-10-09T12:00:00Z,1.5875
142744,44.996323,-93.29719,2023-10-09T12:00:00Z,2.701
157935,44.930527,-93.32394,2023-10-09T12:00:00Z,2.0265
11134,44.92776,-93.32235,2023-10-09T12:00:00Z,1.87
61239,45.0043,-93.2546,2023-10-09T12:00:00Z,3.056
161401,44.979156,-93.31753,2023-10-09T12:00:00Z,2.2765
142724,44.937733,-93.24356,2023-10-09T12:00:00Z,2.94
143242,44.96826,-93.21156,2023-10-09T12:00:00Z,3.42
166459,44.896046,-93.26775,2023-10-09T12:00:00Z,1.6445
182801,44.961143,-93.18576,2023-10-09T12:00:00Z,3.971
3088,44.935818,-93.21752,2023-10-09T12:00:00Z,1722.589
145242,45.007458,-93.26463,2023-10-09T12:00:00Z,2.2885
108364,44.878834,-93.35441,2023-10-09T12:00:00Z,2.199
174855,45.05947,-93.294075,2023-10-09T12:00:00Z,2.569
145204,44.967304,-93.21772,2023-10-09T12:00:00Z,3.436
110979,44.997475,-93.25726,2023-10-09T12:00:00Z,2.832
145250,44.96758,-93.3164,2023-10-09T12:00:00Z,2.818
113486,44.928123,-93.25389,2023-10-09T12:00:00Z,0.121
99807,44.91834,-93.32371,2023-10-09T12:00:00Z,1.901
143666,44.998505,-93.24864,2023-10-09T12:00:00Z,3.879
183325,45.02024,-93.23328,2023-10-09T12:00:00Z,3.5945
143942,44.98081,-93.30325,2023-10-09T12:00:00Z,2.906
128195,44.93578,-93.18634,2023-10-09T12:00:00Z,0.199
143916,44.960915,-93.26111,2023-10-09T12:00:00Z,3.907
142718,44.99631,-93.29565,2023-10-09T12:00:00Z,3.4335000000000004
168327,44.95194,-93.263916,2023-10-09T12:00:00Z,2.9745
85113,44.93642,-93.17899,2023-10-09T12:00:00Z,3.6005
145498,44.935925,-93.2779,2023-10-09T12:00:00Z,3.143
5582,44.891655,-93.34291,2023-10-09T12:00:00Z,1.8365
145454,44.94475,-93.23892,2023-10-09T12:00:00Z,3.9825
142720,44.955555,-93.254974,2023-10-09T12:00:00Z,3.7555
174451,44.953358,-93.247055,2023-10-09T12:00:00Z,3.7715
142750,44.921528,-93.32784,2023-10-09T12:00:00Z,2.7255000000000003
101525,44.893944,-93.30508,2023-10-09T12:00:00Z,1.8335
157871,44.934166,-93.27013,2023-10-09T12:00:00Z,1.2835
143214,44.90534,-93.232285,2023-10-09T12:00:00Z,2.529
193207,44.998047,-93.20551,2023-10-09T12:00:00Z,4.118
145604,44.962765,-93.23776,2023-10-09T12:00:00Z,3.62
54907,45.003338,-93.25568,2023-10-09T12:00:00Z,3.298
193171,45.05231,-93.36097,2023-10-09T12:00:00Z,2.8935
157845,44.928734,-93.26885,2023-10-09T12:00:00Z,1820.5385
143216,44.97844,-93.263535,2023-10-09T12:00:00Z,4.012
157861,44.930527,-93.25872,2023-10-09T12:00:00Z,3.1395
143246,44.901524,-93.276825,2023-10-09T12:00:00Z,1.1325
43305,44.899097,-93.30169,2023-10-09T12:00:00Z,1667.663
142774,44.953075,-93.31713,2023-10-09T12:00:00Z,2.9835000000000003
143224,45.008877,-93.249146,2023-10-09T12:00:00Z,4.2465
143240,44.987465,-93.25782,2023-10-09T12:00:00Z,3.0755
145506,44.916107,-93.25623,2023-10-09T12:00:00Z,3.0860000000000003
142748,44.965744,-93.285416,2023-10-09T12:00:00Z,2.7435
143636,45.009544,-93.29431,2023-10-09T12:00:00Z,5.234999999999999
21179,44.965965,-93.284615,2023-10-09T12:00:00Z,11.708
157877,44.901764,-93.2089,2023-10-09T12:00:00Z,1.538
143226,44.91171,-93.227066,2023-10-09T12:00:00Z,2.531
143916,44.960915,-93.26111,2023-10-09T18:00:00Z,1.9335
183325,45.02024,-93.23328,2023-10-09T18:00:00Z,1.746
145604,44.962765,-93.23776,2023-10-09T18:00:00Z,1.6505
166459,44.896046,-93.26775,2023-10-09T18:00:00Z,8.016
143214,44.90534,-93.232285,2023-10-09T18:00:00Z,1.1035
145204,44.967304,-93.21772,2023-10-09T18:00:00Z,1.1785
142720,44.955555,-93.254974,2023-10-09T18:00:00Z,1.554
143666,44.998505,-93.24864,2023-10-09T18:00:00Z,1.6045
143942,44.98081,-93.30325,2023-10-09T18:00:00Z,1.4475
145506,44.916107,-93.25623,2023-10-09T18:00:00Z,1.764
142724,44.937733,-93.24356,2023-10-09T18:00:00Z,1.7375
157845,44.928734,-93.26885,2023-10-09T18:00:00Z,1678.5645
110979,44.997475,-93.25726,2023-10-09T18:00:00Z,1.3015
145250,44.96758,-93.3164,2023-10-09T18:00:00Z,1.3135
174451,44.953358,-93.247055,2023-10-09T18:00:00Z,2.1585
99807,44.91834,-93.32371,2023-10-09T18:00:00Z,0.791
5582,44.891655,-93.34291,2023-10-09T18:00:00Z,0.919
157861,44.930527,-93.25872,2023-10-09T18:00:00Z,1.757
143226,44.91171,-93.227066,2023-10-09T18:00:00Z,1.191
85113,44.93642,-93.17899,2023-10-09T18:00:00Z,1.335
43305,44.899097,-93.30169,2023-10-09T18:00:00Z,1667.5715
21179,44.965965,-93.284615,2023-10-09T18:00:00Z,1.096
128195,44.93578,-93.18634,2023-10-09T18:00:00Z,1.608
142718,44.99631,-93.29565,2023-10-09T18:00:00Z,2.078
143240,44.987465,-93.25782,2023-10-09T18:00:00Z,1.534
145454,44.94475,-93.23892,2023-10-09T18:00:00Z,1.988
168327,44.95194,-93.263916,2023-10-09T18:00:00Z,1.154
143660,44.93786,-93.214035,2023-10-09T18:00:00Z,1.1565
113486,44.928123,-93.25389,2023-10-09T18:00:00Z,0.199
3088,44.935818,-93.21752,2023-10-09T18:00:00Z,1667.47
143656,44.932285,-93.28308,2023-10-09T18:00:00Z,1.3955
142744,44.996323,-93.29719,2023-10-09T18:00:00Z,1.41
143224,45.008877,-93.249146,2023-10-09T18:00:00Z,3.7465
157935,44.930527,-93.32394,2023-10-09T18:00:00Z,1.0605
182801,44.961143,-93.18576,2023-10-09T18:00:00Z,1.365
142748,44.965744,-93.285416,2023-10-09T18:00:00Z,1.274
61239,45.0043,-93.2546,2023-10-09T18:00:00Z,1.3125
143636,45.009544,-93.29431,2023-10-09T18:00:00Z,1.9535
11134,44.92776,-93.32235,2023-10-09T18:00:00Z,1.034
193171,45.05231,-93.36097,2023-10-09T18:00:00Z,1.888
142750,44.921528,-93.32784,2023-10-09T18:00:00Z,1.859
101525,44.893944,-93.30508,2023-10-09T18:00:00Z,1.226
157877,44.901764,-93.2089,2023-10-09T18:00:00Z,1.1025
145498,44.935925,-93.2779,2023-10-09T18:00:00Z,1.6235
143242,44.96826,-93.21156,2023-10-09T18:00:00Z,1.2295
142774,44.953075,-93.31713,2023-10-09T18:00:00Z,1.6055
142732,44.916058,-93.274155,2023-10-09T18:00:00Z,0.7145
145470,44.90896,-93.23099,2023-10-09T18:00:00Z,1.2605
157871,44.934166,-93.27013,2023-10-09T18:00:00Z,0.653
142734,44.90432,-93.280624,2023-10-09T18:00:00Z,1.6960000000000002
145242,45.007458,-93.26463,2023-10-09T18:00:00Z,1.2525
108364,44.878834,-93.35441,2023-10-09T18:00:00Z,1.2245
54907,45.003338,-93.25568,2023-10-09T18:00:00Z,1.4055
161401,44.979156,-93.31753,2023-10-09T18:00:00Z,1.1105
188539,44.98458,-93.267876,2023-10-09T18:00:00Z,6.0405
143246,44.901524,-93.276825,2023-10-09T18:00:00Z,0.4995
193207,44.998047,-93.20551,2023-10-09T18:00:00Z,1.4245
194635,44.953735,-93.24866,2023-10-09T18:00:00Z,0.0
174855,45.05947,-93.294075,2023-10-09T18:00:00Z,1.0735
77405,44.966743,-93.17984,2023-10-09T18:00:00Z,4.3205
143224,45.008877,-93.249146,2023-10-10T00:00:00Z,9.254
145250,44.96758,-93.3164,2023-10-10T00:00:00Z,3.1805
145604,44.962765,-93.23776,2023-10-10T00:00:00Z,3.662
143242,44.96826,-93.21156,2023-10-10T00:00:00Z,4.1925
174855,45.05947,-93.294075,2023-10-10T00:00:00Z,5.8225
108364,44.878834,-93.35441,2023-10-10T00:00:00Z,3.109
110979,44.997475,-93.25726,2023-10-10T00:00:00Z,6.241
145204,44.967304,-93.21772,2023-10-10T00:00:00Z,4.436999999999999
101525,44.893944,-93.30508,2023-10-10T00:00:00Z,4.215
113486,44.928123,-93.25389,2023-10-10T00:00:00Z,1.1055
145498,44.935925,-93.2779,2023-10-10T00:00:00Z,5.9425
143942,44.98081,-93.30325,2023-10-10T00:00:00Z,6.154
157877,44.901764,-93.2089,2023-10-10T00:00:00Z,2.9719999999999995
142750,44.921528,-93.32784,2023-10-10T00:00:00Z,4.1055
143636,45.009544,-93.29431,2023-10-10T00:00:00Z,8.094
142748,44.965744,-93.285416,2023-10-10T00:00:00Z,3.6615
142744,44.996323,-93.29719,2023-10-10T00:00:00Z,5.4145
143246,44.901524,-93.276825,2023-10-10T00:00:00Z,2.986
157935,44.930527,-93.32394,2023-10-10T00:00:00Z,2.6735
142732,44.916058,-93.274155,2023-10-10T00:00:00Z,2.6405000000000003
143656,44.932285,-93.28308,2023-10-10T00:00:00Z,5.7495
142774,44.953075,-93.31713,2023-10-10T00:00:00Z,3.856
157871,44.934166,-93.27013,2023-10-10T00:00:00Z,1.939
143660,44.93786,-93.214035,2023-10-10T00:00:00Z,20.683
145470,44.90896,-93.23099,2023-10-10T00:00:00Z,5.306
161401,44.979156,-93.31753,2023-10-10T00:00:00Z,2.6825
142734,44.90432,-93.280624,2023-10-10T00:00:00Z,3.8475
142724,44.937733,-93.24356,2023-10-10T00:00:00Z,4.947
143666,44.998505,-93.24864,2023-10-10T00:00:00Z,6.0895
145454,44.94475,-93.23892,2023-10-10T00:00:00Z,6.364
166459,44.896046,-93.26775,2023-10-10T00:00:00Z,3.268
142720,44.955555,-93.254974,2023-10-10T00:00:00Z,3.7185
143214,44.90534,-93.232285,2023-10-10T00:00:00Z,4.844
145506,44.916107,-93.25623,2023-10-10T00:00:00Z,6.664
143240,44.987465,-93.25782,2023-10-10T00:00:00Z,4.6315
168327,44.95194,-93.263916,2023-10-10T00:00:00Z,3.5805
142718,44.99631,-93.29565,2023-10-10T00:00:00Z,6.117000000000001
128195,44.93578,-93.18634,2023-10-10T00:00:00Z,0.8765000000000001
143916,44.960915,-93.26111,2023-10-10T00:00:00Z,4.5395
143226,44.91171,-93.227066,2023-10-10T00:00:00Z,4.347
157845,44.928734,-93.26885,2023-10-10T00:00:00Z,1884.634
174451,44.953358,-93.247055,2023-10-10T00:00:00Z,4.4925
157861,44.930527,-93.25872,2023-10-10T00:00:00Z,5.634499999999999
145242,45.007458,-93.26463,2023-10-10T00:00:00Z,3.7615
193207,44.998047,-93.20551,2023-10-10T00:00:00Z,6.521
183325,45.02024,-93.23328,2023-10-10T00:00:00Z,7.5
54907,45.003338,-93.25568,2023-10-10T00:00:00Z,5.858
21179,44.965965,-93.284615,2023-10-10T00:00:00Z,8.0765
99807,44.91834,-93.32371,2023-10-10T00:00:00Z,3.2095
77405,44.966743,-93.17984,2023-10-10T00:00:00Z,1155.937
61239,45.0043,-93.2546,2023-10-10T00:00:00Z,5.1785
193171,45.05231,-93.36097,2023-10-10T00:00:00Z,4.3445
194635,44.953735,-93.24866,2023-10-10T00:00:00Z,0.0
188539,44.98458,-93.267876,2023-10-10T00:00:00Z,6.031
43305,44.899097,-93.30169,2023-10-10T00:00:00Z,1669.315
5582,44.891655,-93.34291,2023-10-10T00:00:00Z,2.2535
3088,44.935818,-93.21752,2023-10-10T00:00:00Z,1720.552
85113,44.93642,-93.17899,2023-10-10T00:00:00Z,5.1525
182801,44.961143,-93.18576,2023-10-10T00:00:00Z,6.5105
11134,44.92776,-93.32235,2023-10-10T00:00:00Z,2.6995
5582,44.891655,-93.34291,2023-10-10T06:00:00Z,1.437
183325,45.02024,-93.23328,2023-10-10T06:00:00Z,4.908
143224,45.008877,-93.249146,2023-10-10T06:00:00Z,4.9670000000000005
174451,44.953358,-93.247055,2023-10-10T06:00:00Z,4.078
143666,44.998505,-93.24864,2023-10-10T06:00:00Z,4.0225
143242,44.96826,-93.21156,2023-10-10T06:00:00Z,3.4645
142774,44.953075,-93.31713,2023-10-10T06:00:00Z,2.851
161401,44.979156,-93.31753,2023-10-10T06:00:00Z,2.2085
143916,44.960915,-93.26111,2023-10-10T06:00:00Z,4.0505
142732,44.916058,-93.274155,2023-10-10T06:00:00Z,1.7335
188539,44.98458,-93.267876,2023-10-10T06:00:00Z,3.4465
145454,44.94475,-93.23892,2023-10-10T06:00:00Z,3.976
193171,45.05231,-93.36097,2023-10-10T06:00:00Z,3.145
113486,44.928123,-93.25389,2023-10-10T06:00:00Z,0.003
142734,44.90432,-93.280624,2023-10-10T06:00:00Z,2.644
182801,44.961143,-93.18576,2023-10-10T06:00:00Z,4.4085
77405,44.966743,-93.17984,2023-10-10T06:00:00Z,1971.537
142720,44.955555,-93.254974,2023-10-10T06:00:00Z,3.389
145498,44.935925,-93.2779,2023-10-10T06:00:00Z,3.3365
143636,45.009544,-93.29431,2023-10-10T06:00:00Z,4.72
85113,44.93642,-93.17899,2023-10-10T06:00:00Z,3.1185
11134,44.92776,-93.32235,2023-10-10T06:00:00Z,2.2880000000000003
194635,44.953735,-93.24866,2023-10-10T06:00:00Z,0.0
166459,44.896046,-93.26775,2023-10-10T06:00:00Z,1.859
143246,44.901524,-93.276825,2023-10-10T06:00:00Z,1.389
142718,44.99631,-93.29565,2023-10-10T06:00:00Z,4.642
145470,44.90896,-93.23099,2023-10-10T06:00:00Z,5.832
145506,44.916107,-93.25623,2023-10-10T06:00:00Z,2.909
142724,44.937733,-93.24356,2023-10-10T06:00:00Z,3.721
143656,44.932285,-93.28308,2023-10-10T06:00:00Z,3.0975
143240,44.987465,-93.25782,2023-10-10T06:00:00Z,3.637
142748,44.965744,-93.285416,2023-10-10T06:00:00Z,3.0705
157871,44.934166,-93.27013,2023-10-10T06:00:00Z,1.2645
21179,44.965965,-93.284615,2023-10-10T06:00:00Z,22.7485
143660,44.93786,-93.214035,2023-10-10T06:00:00Z,3.1795
110979,44.997475,-93.25726,2023-10-10T06:00:00Z,4.0865
128195,44.93578,-93.18634,2023-10-10T06:00:00Z,0.027
168327,44.95194,-93.263916,2023-10-10T06:00:00Z,2.899
145604,44.962765,-93.23776,2023-10-10T06:00:00Z,3.244
99807,44.91834,-93.32371,2023-10-10T06:00:00Z,2.231
108364,44.878834,-93.35441,2023-10-10T06:00:00Z,2.513
142750,44.921528,-93.32784,2023-10-10T06:00:00Z,3.257
145204,44.967304,-93.21772,2023-10-10T06:00:00Z,3.0955
145242,45.007458,-93.26463,2023-10-10T06:00:00Z,3.016
174855,45.05947,-93.294075,2023-10-10T06:00:00Z,3.3445
157861,44.930527,-93.25872,2023-10-10T06:00:00Z,2.693
143226,44.91171,-93.227066,2023-10-10T06:00:00Z,2.634
143942,44.98081,-93.30325,2023-10-10T06:00:00Z,3.645
157935,44.930527,-93.32394,2023-10-10T06:00:00Z,2.43
157845,44.928734,-93.26885,2023-10-10T06:00:00Z,1973.9785
43305,44.899097,-93.30169,2023-10-10T06:00:00Z,1668.869
145250,44.96758,-93.3164,2023-10-10T06:00:00Z,2.8465
3088,44.935818,-93.21752,2023-10-10T06:00:00Z,1806.55
143214,44.90534,-93.232285,2023-10-10T06:00:00Z,2.5845
157877,44.901764,-93.2089,2023-10-10T06:00:00Z,1.3815
142744,44.996323,-93.29719,2023-10-10T06:00:00Z,4.4345
193207,44.998047,-93.20551,2023-10-10T06:00:00Z,4.9795
101525,44.893944,-93.30508,2023-10-10T06:00:00Z,2.7895
54907,45.003338,-93.25568,2023-10-10T06:00:00Z,3.3625
61239,45.0043,-93.2546,2023-10-10T06:00:00Z,2.972
143656,44.932285,-93.28308,2023-10-10T12:00:00Z,2.3555
143240,44.987465,-93.25782,2023-10-10T12:00:00Z,2.7565
145470,44.90896,-93.23099,2023-10-10T12:00:00Z,2.4845
142748,44.965744,-93.285416,2023-10-10T12:00:00Z,2.4075
145204,44.967304,-93.21772,2023-10-10T12:00:00Z,2.504
21179,44.965965,-93.284615,2023-10-10T12:00:00Z,10.662
61239,45.0043,-93.2546,2023-10-10T12:00:00Z,2.351
128195,44.93578,-93.18634,2023-10-10T12:00:00Z,0.013
43305,44.899097,-93.30169,2023-10-10T12:00:00Z,1667.5005
143660,44.93786,-93.214035,2023-10-10T12:00:00Z,2.935
157877,44.901764,-93.2089,2023-10-10T12:00:00Z,1.075
142724,44.937733,-93.24356,2023-10-10T12:00:00Z,2.4450000000000003
145506,44.916107,-93.25623,2023-10-10T12:00:00Z,2.923
168327,44.95194,-93.263916,2023-10-10T12:00:00Z,2.2585
142720,44.955555,-93.254974,2023-10-10T12:00:00Z,2.9345
145498,44.935925,-93.2779,2023-10-10T12:00:00Z,2.62
101525,44.893944,-93.30508,2023-10-10T12:00:00Z,2.064
143214,44.90534,-93.232285,2023-10-10T12:00:00Z,2.248
85113,44.93642,-93.17899,2023-10-10T12:00:00Z,2.7485
143246,44.901524,-93.276825,2023-10-10T12:00:00Z,1.1265
11134,44.92776,-93.32235,2023-10-10T12:00:00Z,1.763
3088,44.935818,-93.21752,2023-10-10T12:00:00Z,1717.0825
145242,45.007458,-93.26463,2023-10-10T12:00:00Z,2.1725
194635,44.953735,-93.24866,2023-10-10T12:00:00Z,0.0
166459,44.896046,-93.26775,2023-10-10T12:00:00Z,1.559
142718,44.99631,-93.29565,2023-10-10T12:00:00Z,3.222
182801,44.961143,-93.18576,2023-10-10T12:00:00Z,3.9115
142750,44.921528,-93.32784,2023-10-10T12:00:00Z,2.676
157871,44.934166,-93.27013,2023-10-10T12:00:00Z,0.9925
157861,44.930527,-93.25872,2023-10-10T12:00:00Z,2.3505
77405,44.966743,-93.17984,2023-10-10T12:00:00Z,994.9705
193207,44.998047,-93.20551,2023-10-10T12:00:00Z,4.9925
145604,44.962765,-93.23776,2023-10-10T12:00:00Z,3.64
157845,44.928734,-93.26885,2023-10-10T12:00:00Z,1821.6005
145454,44.94475,-93.23892,2023-10-10T12:00:00Z,3.5425
157935,44.930527,-93.32394,2023-10-10T12:00:00Z,1.9735
99807,44.91834,-93.32371,2023-10-10T12:00:00Z,1.723
143636,45.009544,-93.29431,2023-10-10T12:00:00Z,3.805
108364,44.878834,-93.35441,2023-10-10T12:00:00Z,1.9545
174855,45.05947,-93.294075,2023-10-10T12:00:00Z,2.84
5582,44.891655,-93.34291,2023-10-10T12:00:00Z,1.443
113486,44.928123,-93.25389,2023-10-10T12:00:00Z,0.0115
161401,44.979156,-93.31753,2023-10-10T12:00:00Z,1.7325
143942,44.98081,-93.30325,2023-10-10T12:00:00Z,2.551
193171,45.05231,-93.36097,2023-10-10T12:00:00Z,2.5475
143916,44.960915,-93.26111,2023-10-10T12:00:00Z,3.4345
142774,44.953075,-93.31713,2023-10-10T12:00:00Z,3.1815
142732,44.916058,-93.274155,2023-10-10T12:00:00Z,1.6035
188539,44.98458,-93.267876,2023-10-10T12:00:00Z,3.3885
143224,45.008877,-93.249146,2023-10-10T12:00:00Z,3.595
142744,44.996323,-93.29719,2023-10-10T12:00:00Z,2.492
143242,44.96826,-93.21156,2023-10-10T12:00:00Z,2.667
143666,44.998505,-93.24864,2023-10-10T12:00:00Z,3.16
143226,44.91171,-93.227066,2023-10-10T12:00:00Z,2.0325
174451,44.953358,-93.247055,2023-10-10T12:00:00Z,3.4835000000000003
145250,44.96758,-93.3164,2023-10-10T12:00:00Z,2.3555
142734,44.90432,-93.280624,2023-10-10T12:00:00Z,2.45
183325,45.02024,-93.23328,2023-10-10T12:00:00Z,3.389
54907,45.003338,-93.25568,2023-10-10T12:00:00Z,2.5700000000000003
110979,44.997475,-93.25726,2023-10-10T12:00:00Z,2.503
188539,44.98458,-93.267876,2023-10-10T18:00:00Z,4.536
166459,44.896046,-93.26775,2023-10-10T18:00:00Z,1.984
142732,44.916058,-93.274155,2023-10-10T18:00:00Z,1.839
142720,44.955555,-93.254974,2023-10-10T18:00:00Z,3.5415
143224,45.008877,-93.249146,2023-10-10T18:00:00Z,6.930499999999999
143246,44.901524,-93.276825,2023-10-10T18:00:00Z,1.587
193207,44.998047,-93.20551,2023-10-10T18:00:00Z,4.184
77405,44.966743,-93.17984,2023-10-10T18:00:00Z,6.863
145506,44.916107,-93.25623,2023-10-10T18:00:00Z,3.1275
142750,44.921528,-93.32784,2023-10-10T18:00:00Z,3.369
143226,44.91171,-93.227066,2023-10-10T18:00:00Z,3.1215
43305,44.899097,-93.30169,2023-10-10T18:00:00Z,1668.2485
61239,45.0043,-93.2546,2023-10-10T18:00:00Z,3.0655
21179,44.965965,-93.284615,2023-10-10T18:00:00Z,2.911
142734,44.90432,-93.280624,2023-10-10T18:00:00Z,3.0075000000000003
143242,44.96826,-93.21156,2023-10-10T18:00:00Z,3.2485
142744,44.996323,-93.29719,2023-10-10T18:00:00Z,3.4455
157877,44.901764,-93.2089,2023-10-10T18:00:00Z,2.027
143240,44.987465,-93.25782,2023-10-10T18:00:00Z,3.35
145604,44.962765,-93.23776,2023-10-10T18:00:00Z,3.9495
142724,44.937733,-93.24356,2023-10-10T18:00:00Z,3.6625
161401,44.979156,-93.31753,2023-10-10T18:00:00Z,2.7565
157861,44.930527,-93.25872,2023-10-10T18:00:00Z,3.804
157845,44.928734,-93.26885,2023-10-10T18:00:00Z,1676.0235
157935,44.930527,-93.32394,2023-10-10T18:00:00Z,2.6260000000000003
143214,44.90534,-93.232285,2023-10-10T18:00:00Z,2.6625
143636,45.009544,-93.29431,2023-10-10T18:00:00Z,3.923
145498,44.935925,-93.2779,2023-10-10T18:00:00Z,3.993
193171,45.05231,-93.36097,2023-10-10T18:00:00Z,3.459
145250,44.96758,-93.3164,2023-10-10T18:00:00Z,3.2235
168327,44.95194,-93.263916,2023-10-10T18:00:00Z,2.769
143942,44.98081,-93.30325,2023-10-10T18:00:00Z,3.732
174855,45.05947,-93.294075,2023-10-10T18:00:00Z,4.6655
143656,44.932285,-93.28308,2023-10-10T18:00:00Z,2.8855
54907,45.003338,-93.25568,2023-10-10T18:00:00Z,3.1465
99807,44.91834,-93.32371,2023-10-10T18:00:00Z,2.72
110979,44.997475,-93.25726,2023-10-10T18:00:00Z,3.021
145470,44.90896,-93.23099,2023-10-10T18:00:00Z,3.3375
142748,44.965744,-93.285416,2023-10-10T18:00:00Z,2.9715
143916,44.960915,-93.26111,2023-10-10T18:00:00Z,4.077
128195,44.93578,-93.18634,2023-10-10T18:00:00Z,0.066
143660,44.93786,-93.214035,2023-10-10T18:00:00Z,3.093
196233,44.98686,-93.18338,2023-10-10T18:00:00Z,3.619
5582,44.891655,-93.34291,2023-10-10T18:00:00Z,2.0855
145454,44.94475,-93.23892,2023-10-10T18:00:00Z,12.535
183325,45.02024,-93.23328,2023-10-10T18:00:00Z,4.4635
174451,44.953358,-93.247055,2023-10-10T18:00:00Z,4.7940000000000005
113486,44.928123,-93.25389,2023-10-10T18:00:00Z,1.1605
108364,44.878834,-93.35441,2023-10-10T18:00:00Z,2.9805
85113,44.93642,-93.17899,2023-10-10T18:00:00Z,4.1
143666,44.998505,-93.24864,2023-10-10T18:00:00Z,3.9595
3088,44.935818,-93.21752,2023-10-10T18:00:00Z,1666.885
142718,44.99631,-93.29565,2023-10-10T18:00:00Z,19.743
142774,44.953075,-93.31713,2023-10-10T18:00:00Z,3.3280000000000003
101525,44.893944,-93.30508,2023-10-10T18:00:00Z,2.5715
194635,44.953735,-93.24866,2023-10-10T18:00:00Z,0.0
182801,44.961143,-93.18576,2023-10-10T18:00:00Z,3.6055
145242,45.007458,-93.26463,2023-10-10T18:00:00Z,2.75
157871,44.934166,-93.27013,2023-10-10T18:00:00Z,1.843
145204,44.967304,-93.21772,2023-10-10T18:00:00Z,2.9045
11134,44.92776,-93.32235,2023-10-10T18:00:00Z,2.7775
182801,44.961143,-93.18576,2023-10-11T00:00:00Z,11.4185
145242,45.007458,-93.26463,2023-10-11T00:00:00Z,13.808
196233,44.98686,-93.18338,2023-10-11T00:00:00Z,10.249
43305,44.899097,-93.30169,2023-10-11T00:00:00Z,1671.1925
142750,44.921528,-93.32784,2023-10-11T00:00:00Z,9.3895
143916,44.960915,-93.26111,2023-10-11T00:00:00Z,13.787
143214,44.90534,-93.232285,2023-10-11T00:00:00Z,12.215
188539,44.98458,-93.267876,2023-10-11T00:00:00Z,11.2785
145604,44.962765,-93.23776,2023-10-11T00:00:00Z,31.888
174451,44.953358,-93.247055,2023-10-11T00:00:00Z,19.6265
101525,44.893944,-93.30508,2023-10-11T00:00:00Z,9.5475
113486,44.928123,-93.25389,2023-10-11T00:00:00Z,14.8705
143224,45.008877,-93.249146,2023-10-11T00:00:00Z,22.1895
142732,44.916058,-93.274155,2023-10-11T00:00:00Z,4.839499999999999
157861,44.930527,-93.25872,2023-10-11T00:00:00Z,17.021
157877,44.901764,-93.2089,2023-10-11T00:00:00Z,7.459
61239,45.0043,-93.2546,2023-10-11T00:00:00Z,14.9245
108364,44.878834,-93.35441,2023-10-11T00:00:00Z,7.5245
143226,44.91171,-93.227066,2023-10-11T00:00:00Z,13.4735
142744,44.996323,-93.29719,2023-10-11T00:00:00Z,13.0435
145250,44.96758,-93.3164,2023-10-11T00:00:00Z,7.553
54907,45.003338,-93.25568,2023-10-11T00:00:00Z,15.4115
3088,44.935818,-93.21752,2023-10-11T00:00:00Z,1751.6795
143666,44.998505,-93.24864,2023-10-11T00:00:00Z,17.948999999999998
143942,44.98081,-93.30325,2023-10-11T00:00:00Z,10.069
174855,45.05947,-93.294075,2023-10-11T00:00:00Z,15.2545
157935,44.930527,-93.32394,2023-10-11T00:00:00Z,7.391500000000001
145204,44.967304,-93.21772,2023-10-11T00:00:00Z,9.9385
99807,44.91834,-93.32371,2023-10-11T00:00:00Z,10.201
157871,44.934166,-93.27013,2023-10-11T00:00:00Z,7.471
193207,44.998047,-93.20551,2023-10-11T00:00:00Z,11.6955
110979,44.997475,-93.25726,2023-10-11T00:00:00Z,14.8195
157845,44.928734,-93.26885,2023-10-11T00:00:00Z,1900.6915
143636,45.009544,-93.29431,2023-10-11T00:00:00Z,14.5425
143242,44.96826,-93.21156,2023-10-11T00:00:00Z,10.8255
145470,44.90896,-93.23099,2023-10-11T00:00:00Z,14.6515
143656,44.932285,-93.28308,2023-10-11T00:00:00Z,7.955
143240,44.987465,-93.25782,2023-10-11T00:00:00Z,11.44
142724,44.937733,-93.24356,2023-10-11T00:00:00Z,21.8225
168327,44.95194,-93.263916,2023-10-11T00:00:00Z,11.6805
5582,44.891655,-93.34291,2023-10-11T00:00:00Z,4.178
145506,44.916107,-93.25623,2023-10-11T00:00:00Z,19.3305
194635,44.953735,-93.24866,2023-10-11T00:00:00Z,0.0
21179,44.965965,-93.284615,2023-10-11T00:00:00Z,7.6925
85113,44.93642,-93.17899,2023-10-11T00:00:00Z,17.200499999999998
166459,44.896046,-93.26775,2023-10-11T00:00:00Z,7.7355
183325,45.02024,-93.23328,2023-10-11T00:00:00Z,22.5665
143246,44.901524,-93.276825,2023-10-11T00:00:00Z,6.657500000000001
142774,44.953075,-93.31713,2023-10-11T00:00:00Z,8.66
142720,44.955555,-93.254974,2023-10-11T00:00:00Z,16.065
11134,44.92776,-93.32235,2023-10-11T00:00:00Z,7.606
193171,45.05231,-93.36097,2023-10-11T00:00:00Z,15.147
145498,44.935925,-93.2779,2023-10-11T00:00:00Z,12.7275
142718,44.99631,-93.29565,2023-10-11T00:00:00Z,15.636
128195,44.93578,-93.18634,2023-10-11T00:00:00Z,7.702999999999999
145454,44.94475,-93.23892,2023-10-11T00:00:00Z,28.9565
161401,44.979156,-93.31753,2023-10-11T00:00:00Z,7.286
142748,44.965744,-93.285416,2023-10-11T00:00:00Z,7.7455
77405,44.966743,-93.17984,2023-10-11T00:00:00Z,662.679
143660,44.93786,-93.214035,2023-10-11T00:00:00Z,25.744
142734,44.90432,-93.280624,2023-10-11T00:00:00Z,10.747
21179,44.965965,-93.284615,2023-10-11T06:00:00Z,28.8445
145242,45.007458,-93.26463,2023-10-11T06:00:00Z,16.451
142774,44.953075,-93.31713,2023-10-11T06:00:00Z,13.123
143246,44.901524,-93.276825,2023-10-11T06:00:00Z,6.3785
145204,44.967304,-93.21772,2023-10-11T06:00:00Z,15.569
43305,44.899097,-93.30169,2023-10-11T06:00:00Z,1671.8605
5582,44.891655,-93.34291,2023-10-11T06:00:00Z,6.7515
166459,44.896046,-93.26775,2023-10-11T06:00:00Z,8.374
142748,44.965744,-93.285416,2023-10-11T06:00:00Z,13.1405
142718,44.99631,-93.29565,2023-10-11T06:00:00Z,22.183
174451,44.953358,-93.247055,2023-10-11T06:00:00Z,25.44
145454,44.94475,-93.23892,2023-10-11T06:00:00Z,24.152
157871,44.934166,-93.27013,2023-10-11T06:00:00Z,7.94
157861,44.930527,-93.25872,2023-10-11T06:00:00Z,17.108
3088,44.935818,-93.21752,2023-10-11T06:00:00Z,1848.657
157877,44.901764,-93.2089,2023-10-11T06:00:00Z,7.346999999999999
143214,44.90534,-93.232285,2023-10-11T06:00:00Z,15.686
11134,44.92776,-93.32235,2023-10-11T06:00:00Z,10.343
183325,45.02024,-93.23328,2023-10-11T06:00:00Z,12.3915
142720,44.955555,-93.254974,2023-10-11T06:00:00Z,31.711
142734,44.90432,-93.280624,2023-10-11T06:00:00Z,10.6035
142750,44.921528,-93.32784,2023-10-11T06:00:00Z,12.508500000000002
113486,44.928123,-93.25389,2023-10-11T06:00:00Z,10.4835
143666,44.998505,-93.24864,2023-10-11T06:00:00Z,26.233
101525,44.893944,-93.30508,2023-10-11T06:00:00Z,11.2985
143242,44.96826,-93.21156,2023-10-11T06:00:00Z,14.844
145498,44.935925,-93.2779,2023-10-11T06:00:00Z,12.922
193171,45.05231,-93.36097,2023-10-11T06:00:00Z,12.398
182801,44.961143,-93.18576,2023-10-11T06:00:00Z,13.1115
54907,45.003338,-93.25568,2023-10-11T06:00:00Z,26.237
85113,44.93642,-93.17899,2023-10-11T06:00:00Z,13.2135
161401,44.979156,-93.31753,2023-10-11T06:00:00Z,11.5015
142732,44.916058,-93.274155,2023-10-11T06:00:00Z,6.357500000000001
143916,44.960915,-93.26111,2023-10-11T06:00:00Z,26.5805
110979,44.997475,-93.25726,2023-10-11T06:00:00Z,24.835
128195,44.93578,-93.18634,2023-10-11T06:00:00Z,7.735
143224,45.008877,-93.249146,2023-10-11T06:00:00Z,23.114
193207,44.998047,-93.20551,2023-10-11T06:00:00Z,12.773
145470,44.90896,-93.23099,2023-10-11T06:00:00Z,18.8105
143656,44.932285,-93.28308,2023-10-11T06:00:00Z,11.203
99807,44.91834,-93.32371,2023-10-11T06:00:00Z,10.596
196233,44.98686,-93.18338,2023-10-11T06:00:00Z,11.764
77405,44.966743,-93.17984,2023-10-11T06:00:00Z,1788.537
145250,44.96758,-93.3164,2023-10-11T06:00:00Z,12.694
157935,44.930527,-93.32394,2023-10-11T06:00:00Z,10.241
143636,45.009544,-93.29431,2023-10-11T06:00:00Z,19.7745
143240,44.987465,-93.25782,2023-10-11T06:00:00Z,19.1805
174855,45.05947,-93.294075,2023-10-11T06:00:00Z,14.7935
188539,44.98458,-93.267876,2023-10-11T06:00:00Z,18.24
168327,44.95194,-93.263916,2023-10-11T06:00:00Z,15.774
145604,44.962765,-93.23776,2023-10-11T06:00:00Z,21.074
143942,44.98081,-93.30325,2023-10-11T06:00:00Z,12.9705
143226,44.91171,-93.227066,2023-10-11T06:00:00Z,14.1105
61239,45.0043,-93.2546,2023-10-11T06:00:00Z,23.9045
194635,44.953735,-93.24866,2023-10-11T06:00:00Z,0.0
145506,44.916107,-93.25623,2023-10-11T06:00:00Z,15.903
143660,44.93786,-93.214035,2023-10-11T06:00:00Z,22.9305
142744,44.996323,-93.29719,2023-10-11T06:00:00Z,17.7955
108364,44.878834,-93.35441,2023-10-11T06:00:00Z,8.762
142724,44.937733,-93.24356,2023-10-11T06:00:00Z,21.7735
157845,44.928734,-93.26885,2023-10-11T06:00:00Z,2030.14
142774,44.953075,-93.31713,2023-10-11T12:00:00Z,9.1735
145498,44.935925,-93.2779,2023-10-11T12:00:00Z,8.953
157861,44.930527,-93.25872,2023-10-11T12:00:00Z,8.966000000000001
145242,45.007458,-93.26463,2023-10-11T12:00:00Z,6.032
145204,44.967304,-93.21772,2023-10-11T12:00:00Z,7.416
3088,44.935818,-93.21752,2023-10-11T12:00:00Z,1726.811
143942,44.98081,-93.30325,2023-10-11T12:00:00Z,10.8135
145250,44.96758,-93.3164,2023-10-11T12:00:00Z,8.5945
196233,44.98686,-93.18338,2023-10-11T12:00:00Z,6.539
143916,44.960915,-93.26111,2023-10-11T12:00:00Z,10.643999999999998
145454,44.94475,-93.23892,2023-10-11T12:00:00Z,10.207
143666,44.998505,-93.24864,2023-10-11T12:00:00Z,10.2885
5582,44.891655,-93.34291,2023-10-11T12:00:00Z,7.6585
143660,44.93786,-93.214035,2023-10-11T12:00:00Z,10.8715
194635,44.953735,-93.24866,2023-10-11T12:00:00Z,0.0
145470,44.90896,-93.23099,2023-10-11T12:00:00Z,10.3425
143656,44.932285,-93.28308,2023-10-11T12:00:00Z,8.735
143636,45.009544,-93.29431,2023-10-11T12:00:00Z,9.6635
11134,44.92776,-93.32235,2023-10-11T12:00:00Z,9.6315
143246,44.901524,-93.276825,2023-10-11T12:00:00Z,5.568
145506,44.916107,-93.25623,2023-10-11T12:00:00Z,9.754
143240,44.987465,-93.25782,2023-10-11T12:00:00Z,8.3855
193207,44.998047,-93.20551,2023-10-11T12:00:00Z,8.039
21179,44.965965,-93.284615,2023-10-11T12:00:00Z,18.7705
143242,44.96826,-93.21156,2023-10-11T12:00:00Z,7.579
145604,44.962765,-93.23776,2023-10-11T12:00:00Z,8.509
143224,45.008877,-93.249146,2023-10-11T12:00:00Z,8.527000000000001
143226,44.91171,-93.227066,2023-10-11T12:00:00Z,8.32
43305,44.899097,-93.30169,2023-10-11T12:00:00Z,1671.1760000000002
157845,44.928734,-93.26885,2023-10-11T12:00:00Z,1829.0975
143214,44.90534,-93.232285,2023-10-11T12:00:00Z,9.378
157871,44.934166,-93.27013,2023-10-11T12:00:00Z,4.7735
193171,45.05231,-93.36097,2023-10-11T12:00:00Z,6.863
142734,44.90432,-93.280624,2023-10-11T12:00:00Z,9.5235
85113,44.93642,-93.17899,2023-10-11T12:00:00Z,7.337
142718,44.99631,-93.29565,2023-10-11T12:00:00Z,10.1865
113486,44.928123,-93.25389,2023-10-11T12:00:00Z,4.6715
142750,44.921528,-93.32784,2023-10-11T12:00:00Z,11.0625
183325,45.02024,-93.23328,2023-10-11T12:00:00Z,6.342499999999999
142720,44.955555,-93.254974,2023-10-11T12:00:00Z,12.5405
174451,44.953358,-93.247055,2023-10-11T12:00:00Z,9.5885
182801,44.961143,-93.18576,2023-10-11T12:00:00Z,7.123
166459,44.896046,-93.26775,2023-10-11T12:00:00Z,6.7675
157877,44.901764,-93.2089,2023-10-11T12:00:00Z,5.6930000000000005
110979,44.997475,-93.25726,2023-10-11T12:00:00Z,8.529
108364,44.878834,-93.35441,2023-10-11T12:00:00Z,10.057
142724,44.937733,-93.24356,2023-10-11T12:00:00Z,9.663
142744,44.996323,-93.29719,2023-10-11T12:00:00Z,9.5225
61239,45.0043,-93.2546,2023-10-11T12:00:00Z,7.2835
77405,44.966743,-93.17984,2023-10-11T12:00:00Z,1084.067
157935,44.930527,-93.32394,2023-10-11T12:00:00Z,9.411
161401,44.979156,-93.31753,2023-10-11T12:00:00Z,9.1765
142732,44.916058,-93.274155,2023-10-11T12:00:00Z,5.183
188539,44.98458,-93.267876,2023-10-11T12:00:00Z,8.8415
99807,44.91834,-93.32371,2023-10-11T12:00:00Z,10.51
168327,44.95194,-93.263916,2023-10-11T12:00:00Z,8.3355
174855,45.05947,-93.294075,2023-10-11T12:00:00Z,6.1455
101525,44.893944,-93.30508,2023-10-11T12:00:00Z,10.522
128195,44.93578,-93.18634,2023-10-11T12:00:00Z,5.547499999999999
142748,44.965744,-93.285416,2023-10-11T12:00:00Z,7.933
54907,45.003338,-93.25568,2023-10-11T12:00:00Z,8.4055
43305,44.899097,-93.30169,2023-10-11T18:00:00Z,1668.122
61239,45.0043,-93.2546,2023-10-11T18:00:00Z,3.08
166459,44.896046,-93.26775,2023-10-11T18:00:00Z,2.291
142744,44.996323,-93.29719,2023-10-11T18:00:00Z,3.6805
77405,44.966743,-93.17984,2023-10-11T18:00:00Z,15.9005
143240,44.987465,-93.25782,2023-10-11T18:00:00Z,3.867
194635,44.953735,-93.24866,2023-10-11T18:00:00Z,0.0
182801,44.961143,-93.18576,2023-10-11T18:00:00Z,3.052
143916,44.960915,-93.26111,2023-10-11T18:00:00Z,6.126
143226,44.91171,-93.227066,2023-10-11T18:00:00Z,3.0965
145506,44.916107,-93.25623,2023-10-11T18:00:00Z,6.779
128195,44.93578,-93.18634,2023-10-11T18:00:00Z,0.641
3088,44.935818,-93.21752,2023-10-11T18:00:00Z,1667.1345
142748,44.965744,-93.285416,2023-10-11T18:00:00Z,3.5585
143656,44.932285,-93.28308,2023-10-11T18:00:00Z,3.337
157845,44.928734,-93.26885,2023-10-11T18:00:00Z,1668.1945
110979,44.997475,-93.25726,2023-10-11T18:00:00Z,2.7925000000000004
142724,44.937733,-93.24356,2023-10-11T18:00:00Z,3.54
108364,44.878834,-93.35441,2023-10-11T18:00:00Z,3.22
145604,44.962765,-93.23776,2023-10-11T18:00:00Z,3.7645
143224,45.008877,-93.249146,2023-10-11T18:00:00Z,5.738
188539,44.98458,-93.267876,2023-10-11T18:00:00Z,3.735
157871,44.934166,-93.27013,2023-10-11T18:00:00Z,1.837
142732,44.916058,-93.274155,2023-10-11T18:00:00Z,1.791
196233,44.98686,-93.18338,2023-10-11T18:00:00Z,3.6465
143942,44.98081,-93.30325,2023-10-11T18:00:00Z,3.759
193207,44.998047,-93.20551,2023-10-11T18:00:00Z,2.8745000000000003
21179,44.965965,-93.284615,2023-10-11T18:00:00Z,4.084
143242,44.96826,-93.21156,2023-10-11T18:00:00Z,3.3
145250,44.96758,-93.3164,2023-10-11T18:00:00Z,4.1155
161401,44.979156,-93.31753,2023-10-11T18:00:00Z,3.5255
157935,44.930527,-93.32394,2023-10-11T18:00:00Z,2.73
101525,44.893944,-93.30508,2023-10-11T18:00:00Z,2.7430000000000003
99807,44.91834,-93.32371,2023-10-11T18:00:00Z,4.3025
143660,44.93786,-93.214035,2023-10-11T18:00:00Z,3.2415
142734,44.90432,-93.280624,2023-10-11T18:00:00Z,3.62
143246,44.901524,-93.276825,2023-10-11T18:00:00Z,1.9685
174855,45.05947,-93.294075,2023-10-11T18:00:00Z,2.9545
143666,44.998505,-93.24864,2023-10-11T18:00:00Z,3.606
145204,44.967304,-93.21772,2023-10-11T18:00:00Z,3.103
145470,44.90896,-93.23099,2023-10-11T18:00:00Z,3.8855
142720,44.955555,-93.254974,2023-10-11T18:00:00Z,3.745
143214,44.90534,-93.232285,2023-10-11T18:00:00Z,3.109
143636,45.009544,-93.29431,2023-10-11T18:00:00Z,3.9475
143216,44.97844,-93.263535,2023-10-11T18:00:00Z,3.6095
11134,44.92776,-93.32235,2023-10-11T18:00:00Z,3.7505
142718,44.99631,-93.29565,2023-10-11T18:00:00Z,3.8655
157861,44.930527,-93.25872,2023-10-11T18:00:00Z,4.1455
193171,45.05231,-93.36097,2023-10-11T18:00:00Z,3.015
113486,44.928123,-93.25389,2023-10-11T18:00:00Z,0.1545
5582,44.891655,-93.34291,2023-10-11T18:00:00Z,2.565
157877,44.901764,-93.2089,2023-10-11T18:00:00Z,1.887
142774,44.953075,-93.31713,2023-10-11T18:00:00Z,3.2735000000000003
142750,44.921528,-93.32784,2023-10-11T18:00:00Z,4.039
145454,44.94475,-93.23892,2023-10-11T18:00:00Z,4.3045
85113,44.93642,-93.17899,2023-10-11T18:00:00Z,3.4015000000000004
54907,45.003338,-93.25568,2023-10-11T18:00:00Z,2.964
174451,44.953358,-93.247055,2023-10-11T18:00:00Z,3.926
145242,45.007458,-93.26463,2023-10-11T18:00:00Z,2.261
168327,44.95194,-93.263916,2023-10-11T18:00:00Z,3.255
145498,44.935925,-93.2779,2023-10-11T18:00:00Z,3.84
183325,45.02024,-93.23328,2023-10-11T18:00:00Z,3.4865
145250,44.96758,-93.3164,2023-10-12T00:00:00Z,2.2955
143246,44.901524,-93.276825,2023-10-12T00:00:00Z,0.8925
113486,44.928123,-93.25389,2023-10-12T00:00:00Z,0.1085
142734,44.90432,-93.280624,2023-10-12T00:00:00Z,2.4035
142718,44.99631,-93.29565,2023-10-12T00:00:00Z,3.276
145470,44.90896,-93.23099,2023-10-12T00:00:00Z,2.263
5582,44.891655,-93.34291,2023-10-12T00:00:00Z,1.5415
143660,44.93786,-93.214035,2023-10-12T00:00:00Z,3.949
196233,44.98686,-93.18338,2023-10-12T00:00:00Z,1.9775
143656,44.932285,-93.28308,2023-10-12T00:00:00Z,2.4185
143242,44.96826,-93.21156,2023-10-12T00:00:00Z,2.5805
21179,44.965965,-93.284615,2023-10-12T00:00:00Z,12.1125
142724,44.937733,-93.24356,2023-10-12T00:00:00Z,2.5935
161401,44.979156,-93.31753,2023-10-12T00:00:00Z,1.96
174451,44.953358,-93.247055,2023-10-12T00:00:00Z,2.723
145604,44.962765,-93.23776,2023-10-12T00:00:00Z,2.7555
110979,44.997475,-93.25726,2023-10-12T00:00:00Z,2.6575
193207,44.998047,-93.20551,2023-10-12T00:00:00Z,4.272
145454,44.94475,-93.23892,2023-10-12T00:00:00Z,2.9215
145498,44.935925,-93.2779,2023-10-12T00:00:00Z,2.8055000000000003
77405,44.966743,-93.17984,2023-10-12T00:00:00Z,575.1505000000001
11134,44.92776,-93.32235,2023-10-12T00:00:00Z,1.877
145506,44.916107,-93.25623,2023-10-12T00:00:00Z,2.606
143916,44.960915,-93.26111,2023-10-12T00:00:00Z,6.426500000000001
143240,44.987465,-93.25782,2023-10-12T00:00:00Z,2.447
142720,44.955555,-93.254974,2023-10-12T00:00:00Z,2.911
128195,44.93578,-93.18634,2023-10-12T00:00:00Z,0.02
194635,44.953735,-93.24866,2023-10-12T00:00:00Z,0.0
183325,45.02024,-93.23328,2023-10-12T00:00:00Z,2.601
85113,44.93642,-93.17899,2023-10-12T00:00:00Z,1.8315
143636,45.009544,-93.29431,2023-10-12T00:00:00Z,4.5965
166459,44.896046,-93.26775,2023-10-12T00:00:00Z,1.4115
99807,44.91834,-93.32371,2023-10-12T00:00:00Z,1.9245
143666,44.998505,-93.24864,2023-10-12T00:00:00Z,2.4865000000000004
168327,44.95194,-93.263916,2023-10-12T00:00:00Z,2.7805
157871,44.934166,-93.27013,2023-10-12T00:00:00Z,1.236
182801,44.961143,-93.18576,2023-10-12T00:00:00Z,2.514
54907,45.003338,-93.25568,2023-10-12T00:00:00Z,2.21
174855,45.05947,-93.294075,2023-10-12T00:00:00Z,3.465
101525,44.893944,-93.30508,2023-10-12T00:00:00Z,1.505
142748,44.965744,-93.285416,2023-10-12T00:00:00Z,2.127
157935,44.930527,-93.32394,2023-10-12T00:00:00Z,1.6615
193171,45.05231,-93.36097,2023-10-12T00:00:00Z,3.6115
142750,44.921528,-93.32784,2023-10-12T00:00:00Z,2.996
61239,45.0043,-93.2546,2023-10-12T00:00:00Z,2.2665
108364,44.878834,-93.35441,2023-10-12T00:00:00Z,2.0395000000000003
43305,44.899097,-93.30169,2023-10-12T00:00:00Z,1667.2915
143226,44.91171,-93.227066,2023-10-12T00:00:00Z,1.8285
142744,44.996323,-93.29719,2023-10-12T00:00:00Z,2.531
157845,44.928734,-93.26885,2023-10-12T00:00:00Z,1753.961
3088,44.935818,-93.21752,2023-10-12T00:00:00Z,1667.333
145242,45.007458,-93.26463,2023-10-12T00:00:00Z,2.398
143942,44.98081,-93.30325,2023-10-12T00:00:00Z,2.747
143216,44.97844,-93.263535,2023-10-12T00:00:00Z,2.1955
145204,44.967304,-93.21772,2023-10-12T00:00:00Z,2.381
143214,44.90534,-93.232285,2023-10-12T00:00:00Z,1.8705
143224,45.008877,-93.249146,2023-10-12T00:00:00Z,4.517
142774,44.953075,-93.31713,2023-10-12T00:00:00Z,2.3525
157877,44.901764,-93.2089,2023-10-12T00:00:00Z,0.9305
157861,44.930527,-93.25872,2023-10-12T00:00:00Z,2.4245
188539,44.98458,-93.267876,2023-10-12T00:00:00Z,2.367
142732,44.916058,-93.274155,2023-10-12T00:00:00Z,1.911
43305,44.899097,-93.30169,2023-10-12T06:00:00Z,1667.045
193207,44.998047,-93.20551,2023-10-12T06:00:00Z,1.531
182801,44.961143,-93.18576,2023-10-12T06:00:00Z,1.58
113486,44.928123,-93.25389,2023-10-12T06:00:00Z,0.0
110979,44.997475,-93.25726,2023-10-12T06:00:00Z,1.6535000000000002
77405,44.966743,-93.17984,2023-10-12T06:00:00Z,1941.499
157861,44.930527,-93.25872,2023-10-12T06:00:00Z,1.715
157845,44.928734,-93.26885,2023-10-12T06:00:00Z,1869.118
174855,45.05947,-93.294075,2023-10-12T06:00:00Z,1.7085
142718,44.99631,-93.29565,2023-10-12T06:00:00Z,2.117
188539,44.98458,-93.267876,2023-10-12T06:00:00Z,1.4655
157871,44.934166,-93.27013,2023-10-12T06:00:00Z,0.789
143666,44.998505,-93.24864,2023-10-12T06:00:00Z,1.82
157877,44.901764,-93.2089,2023-10-12T06:00:00Z,0.891
143636,45.009544,-93.29431,2023-10-12T06:00:00Z,2.9085
194635,44.953735,-93.24866,2023-10-12T06:00:00Z,0.0
145498,44.935925,-93.2779,2023-10-12T06:00:00Z,2.0935
166459,44.896046,-93.26775,2023-10-12T06:00:00Z,1.108
143246,44.901524,-93.276825,2023-10-12T06:00:00Z,0.684
11134,44.92776,-93.32235,2023-10-12T06:00:00Z,1.3490000000000002
3088,44.935818,-93.21752,2023-10-12T06:00:00Z,1707.571
143216,44.97844,-93.263535,2023-10-12T06:00:00Z,1.5545
174451,44.953358,-93.247055,2023-10-12T06:00:00Z,1.8615
193171,45.05231,-93.36097,2023-10-12T06:00:00Z,1.2255
128195,44.93578,-93.18634,2023-10-12T06:00:00Z,0.0005
142720,44.955555,-93.254974,2023-10-12T06:00:00Z,2.113
101525,44.893944,-93.30508,2023-10-12T06:00:00Z,1.279
142750,44.921528,-93.32784,2023-10-12T06:00:00Z,1.779
85113,44.93642,-93.17899,2023-10-12T06:00:00Z,1.7815
143214,44.90534,-93.232285,2023-10-12T06:00:00Z,1.653
143240,44.987465,-93.25782,2023-10-12T06:00:00Z,1.971
21179,44.965965,-93.284615,2023-10-12T06:00:00Z,32.410000000000004
145454,44.94475,-93.23892,2023-10-12T06:00:00Z,2.6045
99807,44.91834,-93.32371,2023-10-12T06:00:00Z,1.124
142734,44.90432,-93.280624,2023-10-12T06:00:00Z,1.783
143942,44.98081,-93.30325,2023-10-12T06:00:00Z,2.669
143656,44.932285,-93.28308,2023-10-12T06:00:00Z,1.657
143242,44.96826,-93.21156,2023-10-12T06:00:00Z,1.789
145204,44.967304,-93.21772,2023-10-12T06:00:00Z,1.6625
108364,44.878834,-93.35441,2023-10-12T06:00:00Z,1.5505
157935,44.930527,-93.32394,2023-10-12T06:00:00Z,1.271
145470,44.90896,-93.23099,2023-10-12T06:00:00Z,1.7925
161401,44.979156,-93.31753,2023-10-12T06:00:00Z,1.6004999999999998
196233,44.98686,-93.18338,2023-10-12T06:00:00Z,1.411
145250,44.96758,-93.3164,2023-10-12T06:00:00Z,1.7345000000000002
142774,44.953075,-93.31713,2023-10-12T06:00:00Z,1.5915
143660,44.93786,-93.214035,2023-10-12T06:00:00Z,1.7795
61239,45.0043,-93.2546,2023-10-12T06:00:00Z,1.584
183325,45.02024,-93.23328,2023-10-12T06:00:00Z,1.8755
142744,44.996323,-93.29719,2023-10-12T06:00:00Z,1.535
143226,44.91171,-93.227066,2023-10-12T06:00:00Z,1.5425
142724,44.937733,-93.24356,2023-10-12T06:00:00Z,1.9385
142748,44.965744,-93.285416,2023-10-12T06:00:00Z,1.632
168327,44.95194,-93.263916,2023-10-12T06:00:00Z,1.678
142732,44.916058,-93.274155,2023-10-12T06:00:00Z,0.9745
143916,44.960915,-93.26111,2023-10-12T06:00:00Z,2.2865
145242,45.007458,-93.26463,2023-10-12T06:00:00Z,1.3855
145604,44.962765,-93.23776,2023-10-12T06:00:00Z,1.9825
5582,44.891655,-93.34291,2023-10-12T06:00:00Z,0.957
145506,44.916107,-93.25623,2023-10-12T06:00:00Z,1.677
143224,45.008877,-93.249146,2023-10-12T06:00:00Z,1.719
54907,45.003338,-93.25568,2023-10-12T06:00:00Z,1.606
145470,44.90896,-93.23099,2023-10-12T12:00:00Z,1.9545
145454,44.94475,-93.23892,2023-10-12T12:00:00Z,2.6235
188539,44.98458,-93.267876,2023-10-12T12:00:00Z,4.115
166459,44.896046,-93.26775,2023-10-12T12:00:00Z,1.3145
143666,44.998505,-93.24864,2023-10-12T12:00:00Z,2.3345
142774,44.953075,-93.31713,2023-10-12T12:00:00Z,1.648
143656,44.932285,-93.28308,2023-10-12T12:00:00Z,1.809
54907,45.003338,-93.25568,2023-10-12T12:00:00Z,1.624
113486,44.928123,-93.25389,2023-10-12T12:00:00Z,0.0005
168327,44.95194,-93.263916,2023-10-12T12:00:00Z,2.088
142750,44.921528,-93.32784,2023-10-12T12:00:00Z,1.904
157861,44.930527,-93.25872,2023-10-12T12:00:00Z,2.0015
145242,45.007458,-93.26463,2023-10-12T12:00:00Z,1.6609999999999998
142718,44.99631,-93.29565,2023-10-12T12:00:00Z,2.464
142748,44.965744,-93.285416,2023-10-12T12:00:00Z,1.8375
143636,45.009544,-93.29431,2023-10-12T12:00:00Z,3.2165
145204,44.967304,-93.21772,2023-10-12T12:00:00Z,1.517
193171,45.05231,-93.36097,2023-10-12T12:00:00Z,1.0565
183325,45.02024,-93.23328,2023-10-12T12:00:00Z,1.8145
143916,44.960915,-93.26111,2023-10-12T12:00:00Z,2.257
145506,44.916107,-93.25623,2023-10-12T12:00:00Z,1.935
5582,44.891655,-93.34291,2023-10-12T12:00:00Z,1.2745
145250,44.96758,-93.3164,2023-10-12T12:00:00Z,2.151
161401,44.979156,-93.31753,2023-10-12T12:00:00Z,1.8355
61239,45.0043,-93.2546,2023-10-12T12:00:00Z,1.4895
143242,44.96826,-93.21156,2023-10-12T12:00:00Z,1.653
157935,44.930527,-93.32394,2023-10-12T12:00:00Z,1.47
143226,44.91171,-93.227066,2023-10-12T12:00:00Z,1.7029999999999998
143942,44.98081,-93.30325,2023-10-12T12:00:00Z,2.9465
142734,44.90432,-93.280624,2023-10-12T12:00:00Z,2.0825
142732,44.916058,-93.274155,2023-10-12T12:00:00Z,1.0645
21179,44.965965,-93.284615,2023-10-12T12:00:00Z,32.462
99807,44.91834,-93.32371,2023-10-12T12:00:00Z,1.5245
108364,44.878834,-93.35441,2023-10-12T12:00:00Z,1.9785
145604,44.962765,-93.23776,2023-10-12T12:00:00Z,2.027
196233,44.98686,-93.18338,2023-10-12T12:00:00Z,1.5955
143660,44.93786,-93.214035,2023-10-12T12:00:00Z,1.904
157871,44.934166,-93.27013,2023-10-12T12:00:00Z,0.8065
142724,44.937733,-93.24356,2023-10-12T12:00:00Z,1.895
142744,44.996323,-93.29719,2023-10-12T12:00:00Z,1.808
85113,44.93642,-93.17899,2023-10-12T12:00:00Z,1.8545
174855,45.05947,-93.294075,2023-10-12T12:00:00Z,1.4355
145498,44.935925,-93.2779,2023-10-12T12:00:00Z,2.1565
194635,44.953735,-93.24866,2023-10-12T12:00:00Z,0.0
157877,44.901764,-93.2089,2023-10-12T12:00:00Z,1.1365
101525,44.893944,-93.30508,2023-10-12T12:00:00Z,1.392
11134,44.92776,-93.32235,2023-10-12T12:00:00Z,1.953
143224,45.008877,-93.249146,2023-10-12T12:00:00Z,2.47
143246,44.901524,-93.276825,2023-10-12T12:00:00Z,0.8845
43305,44.899097,-93.30169,2023-10-12T12:00:00Z,1667.08
142720,44.955555,-93.254974,2023-10-12T12:00:00Z,2.3040000000000003
143216,44.97844,-93.263535,2023-10-12T12:00:00Z,1.9255
174451,44.953358,-93.247055,2023-10-12T12:00:00Z,1.8875
110979,44.997475,-93.25726,2023-10-12T12:00:00Z,1.7480000000000002
193207,44.998047,-93.20551,2023-10-12T12:00:00Z,1.4945
182801,44.961143,-93.18576,2023-10-12T12:00:00Z,1.545
157845,44.928734,-93.26885,2023-10-12T12:00:00Z,1816.142
77405,44.966743,-93.17984,2023-10-12T12:00:00Z,1878.112
3088,44.935818,-93.21752,2023-10-12T12:00:00Z,1694.0275
143240,44.987465,-93.25782,2023-10-12T12:00:00Z,1.8125
143214,44.90534,-93.232285,2023-10-12T12:00:00Z,1.885
128195,44.93578,-93.18634,2023-10-12T12:00:00Z,0.0015
99807,44.91834,-93.32371,2023-10-12T18:00:00Z,0.2304999999999999
113486,44.928123,-93.25389,2023-10-12T18:00:00Z,0.001
196233,44.98686,-93.18338,2023-10-12T18:00:00Z,0.184
108364,44.878834,-93.35441,2023-10-12T18:00:00Z,0.5345
5582,44.891655,-93.34291,2023-10-12T18:00:00Z,0.2845
143942,44.98081,-93.30325,2023-10-12T18:00:00Z,0.7145
145250,44.96758,-93.3164,2023-10-12T18:00:00Z,0.773
143916,44.960915,-93.26111,2023-10-12T18:00:00Z,0.7649999999999999
3088,44.935818,-93.21752,2023-10-12T18:00:00Z,1666.176
110979,44.997475,-93.25726,2023-10-12T18:00:00Z,0.3425
174451,44.953358,-93.247055,2023-10-12T18:00:00Z,0.3435
182801,44.961143,-93.18576,2023-10-12T18:00:00Z,0.319
143666,44.998505,-93.24864,2023-10-12T18:00:00Z,0.42
174855,45.05947,-93.294075,2023-10-12T18:00:00Z,0.266
145204,44.967304,-93.21772,2023-10-12T18:00:00Z,0.3525
145242,45.007458,-93.26463,2023-10-12T18:00:00Z,0.4469999999999999
101525,44.893944,-93.30508,2023-10-12T18:00:00Z,0.379
145454,44.94475,-93.23892,2023-10-12T18:00:00Z,0.7755
194635,44.953735,-93.24866,2023-10-12T18:00:00Z,0.0
11134,44.92776,-93.32235,2023-10-12T18:00:00Z,0.3365
143242,44.96826,-93.21156,2023-10-12T18:00:00Z,0.33
183325,45.02024,-93.23328,2023-10-12T18:00:00Z,0.774
193207,44.998047,-93.20551,2023-10-12T18:00:00Z,0.188
77405,44.966743,-93.17984,2023-10-12T18:00:00Z,304.6305
143240,44.987465,-93.25782,2023-10-12T18:00:00Z,0.3225
142724,44.937733,-93.24356,2023-10-12T18:00:00Z,0.505
145506,44.916107,-93.25623,2023-10-12T18:00:00Z,0.7104999999999999
161401,44.979156,-93.31753,2023-10-12T18:00:00Z,0.358
21179,44.965965,-93.284615,2023-10-12T18:00:00Z,11.781
142734,44.90432,-93.280624,2023-10-12T18:00:00Z,1.079
145604,44.962765,-93.23776,2023-10-12T18:00:00Z,0.5549999999999999
143224,45.008877,-93.249146,2023-10-12T18:00:00Z,0.8234999999999999
61239,45.0043,-93.2546,2023-10-12T18:00:00Z,0.2905
142732,44.916058,-93.274155,2023-10-12T18:00:00Z,0.2565
142720,44.955555,-93.254974,2023-10-12T18:00:00Z,1.3995
143226,44.91171,-93.227066,2023-10-12T18:00:00Z,0.4155
157877,44.901764,-93.2089,2023-10-12T18:00:00Z,0.253
157845,44.928734,-93.26885,2023-10-12T18:00:00Z,1723.156
143216,44.97844,-93.263535,2023-10-12T18:00:00Z,0.4034999999999999
43305,44.899097,-93.30169,2023-10-12T18:00:00Z,1666.4535
193171,45.05231,-93.36097,2023-10-12T18:00:00Z,1.045
143214,44.90534,-93.232285,2023-10-12T18:00:00Z,0.477
188539,44.98458,-93.267876,2023-10-12T18:00:00Z,2.6420000000000003
142750,44.921528,-93.32784,2023-10-12T18:00:00Z,0.479
157861,44.930527,-93.25872,2023-10-12T18:00:00Z,0.5135
54907,45.003338,-93.25568,2023-10-12T18:00:00Z,0.397
142774,44.953075,-93.31713,2023-10-12T18:00:00Z,0.3265
142748,44.965744,-93.285416,2023-10-12T18:00:00Z,0.4954999999999999
157871,44.934166,-93.27013,2023-10-12T18:00:00Z,0.204
142744,44.996323,-93.29719,2023-10-12T18:00:00Z,0.322
143246,44.901524,-93.276825,2023-10-12T18:00:00Z,0.2035
157935,44.930527,-93.32394,2023-10-12T18:00:00Z,0.261
142718,44.99631,-93.29565,2023-10-12T18:00:00Z,0.7815
168327,44.95194,-93.263916,2023-10-12T18:00:00Z,0.5385
143636,45.009544,-93.29431,2023-10-12T18:00:00Z,1.898
143660,44.93786,-93.214035,2023-10-12T18:00:00Z,0.3854999999999999
128195,44.93578,-93.18634,2023-10-12T18:00:00Z,0.0
143656,44.932285,-93.28308,2023-10-12T18:00:00Z,0.4425
85113,44.93642,-93.17899,2023-10-12T18:00:00Z,0.481
145470,44.90896,-93.23099,2023-10-12T18:00:00Z,0.4649999999999999
166459,44.896046,-93.26775,2023-10-12T18:00:00Z,0.5635
145498,44.935925,-93.2779,2023-10-12T18:00:00Z,0.5495
143216,44.97844,-93.263535,2023-10-13T00:00:00Z,0.6285000000000001
157845,44.928734,-93.26885,2023-10-13T00:00:00Z,1837.334
145242,45.007458,-93.26463,2023-10-13T00:00:00Z,0.5195
157877,44.901764,-93.2089,2023-10-13T00:00:00Z,0.1154999999999999
3088,44.935818,-93.21752,2023-10-13T00:00:00Z,1683.6695
113486,44.928123,-93.25389,2023-10-13T00:00:00Z,0.0
143226,44.91171,-93.227066,2023-10-13T00:00:00Z,0.3984999999999999
193171,45.05231,-93.36097,2023-10-13T00:00:00Z,0.1955
143942,44.98081,-93.30325,2023-10-13T00:00:00Z,1.4540000000000002
143246,44.901524,-93.276825,2023-10-13T00:00:00Z,0.176
21179,44.965965,-93.284615,2023-10-13T00:00:00Z,19.323500000000003
142744,44.996323,-93.29719,2023-10-13T00:00:00Z,0.428
143656,44.932285,-93.28308,2023-10-13T00:00:00Z,0.5695
142732,44.916058,-93.274155,2023-10-13T00:00:00Z,0.215
43305,44.899097,-93.30169,2023-10-13T00:00:00Z,1667.3545
5582,44.891655,-93.34291,2023-10-13T00:00:00Z,0.094
157871,44.934166,-93.27013,2023-10-13T00:00:00Z,0.2175
142748,44.965744,-93.285416,2023-10-13T00:00:00Z,0.5325
85113,44.93642,-93.17899,2023-10-13T00:00:00Z,0.563
101525,44.893944,-93.30508,2023-10-13T00:00:00Z,0.2845
174855,45.05947,-93.294075,2023-10-13T00:00:00Z,0.7595000000000001
142774,44.953075,-93.31713,2023-10-13T00:00:00Z,0.486
54907,45.003338,-93.25568,2023-10-13T00:00:00Z,0.444
188539,44.98458,-93.267876,2023-10-13T00:00:00Z,0.4695
145204,44.967304,-93.21772,2023-10-13T00:00:00Z,0.934
142750,44.921528,-93.32784,2023-10-13T00:00:00Z,0.5345
157861,44.930527,-93.25872,2023-10-13T00:00:00Z,0.3685
145454,44.94475,-93.23892,2023-10-13T00:00:00Z,0.8725
128195,44.93578,-93.18634,2023-10-13T00:00:00Z,0.0
61239,45.0043,-93.2546,2023-10-13T00:00:00Z,0.349
145470,44.90896,-93.23099,2023-10-13T00:00:00Z,0.3955
143214,44.90534,-93.232285,2023-10-13T00:00:00Z,0.3429999999999999
143660,44.93786,-93.214035,2023-10-13T00:00:00Z,0.4355
99807,44.91834,-93.32371,2023-10-13T00:00:00Z,0.1615
143636,45.009544,-93.29431,2023-10-13T00:00:00Z,2.902
108364,44.878834,-93.35441,2023-10-13T00:00:00Z,0.466
142724,44.937733,-93.24356,2023-10-13T00:00:00Z,0.5765
196233,44.98686,-93.18338,2023-10-13T00:00:00Z,0.202
143240,44.987465,-93.25782,2023-10-13T00:00:00Z,0.563
143666,44.998505,-93.24864,2023-10-13T00:00:00Z,0.5325
77405,44.966743,-93.17984,2023-10-13T00:00:00Z,1863.919
145506,44.916107,-93.25623,2023-10-13T00:00:00Z,0.4695
193207,44.998047,-93.20551,2023-10-13T00:00:00Z,0.319
110979,44.997475,-93.25726,2023-10-13T00:00:00Z,0.6275
194635,44.953735,-93.24866,2023-10-13T00:00:00Z,0.0
174451,44.953358,-93.247055,2023-10-13T00:00:00Z,0.898
11134,44.92776,-93.32235,2023-10-13T00:00:00Z,0.223
145498,44.935925,-93.2779,2023-10-13T00:00:00Z,0.648
142720,44.955555,-93.254974,2023-10-13T00:00:00Z,0.781
182801,44.961143,-93.18576,2023-10-13T00:00:00Z,0.268
183325,45.02024,-93.23328,2023-10-13T00:00:00Z,0.651
145250,44.96758,-93.3164,2023-10-13T00:00:00Z,0.544
143916,44.960915,-93.26111,2023-10-13T00:00:00Z,0.8465
142734,44.90432,-93.280624,2023-10-13T00:00:00Z,0.779
166459,44.896046,-93.26775,2023-10-13T00:00:00Z,0.4505
168327,44.95194,-93.263916,2023-10-13T00:00:00Z,0.4595
157935,44.930527,-93.32394,2023-10-13T00:00:00Z,0.223
142718,44.99631,-93.29565,2023-10-13T00:00:00Z,0.854
143242,44.96826,-93.21156,2023-10-13T00:00:00Z,0.4105
145604,44.962765,-93.23776,2023-10-13T00:00:00Z,0.7525
143224,45.008877,-93.249146,2023-10-13T00:00:00Z,0.8085
161401,44.979156,-93.31753,2023-10-13T00:00:00Z,0.623
145604,44.962765,-93.23776,2023-10-13T06:00:00Z,0.2299999999999999
157871,44.934166,-93.27013,2023-10-13T06:00:00Z,0.0165
145470,44.90896,-93.23099,2023-10-13T06:00:00Z,0.085
174451,44.953358,-93.247055,2023-10-13T06:00:00Z,0.025
174855,45.05947,-93.294075,2023-10-13T06:00:00Z,0.12
193171,45.05231,-93.36097,2023-10-13T06:00:00Z,0.0105
194635,44.953735,-93.24866,2023-10-13T06:00:00Z,0.0
157935,44.930527,-93.32394,2023-10-13T06:00:00Z,0.0295
145506,44.916107,-93.25623,2023-10-13T06:00:00Z,0.1
193207,44.998047,-93.20551,2023-10-13T06:00:00Z,0.027
168327,44.95194,-93.263916,2023-10-13T06:00:00Z,0.037
183325,45.02024,-93.23328,2023-10-13T06:00:00Z,0.291
157861,44.930527,-93.25872,2023-10-13T06:00:00Z,0.0555
166459,44.896046,-93.26775,2023-10-13T06:00:00Z,0.095
145454,44.94475,-93.23892,2023-10-13T06:00:00Z,0.339
157877,44.901764,-93.2089,2023-10-13T06:00:00Z,0.026
161401,44.979156,-93.31753,2023-10-13T06:00:00Z,0.0975
182801,44.961143,-93.18576,2023-10-13T06:00:00Z,0.0195
145242,45.007458,-93.26463,2023-10-13T06:00:00Z,0.158
145250,44.96758,-93.3164,2023-10-13T06:00:00Z,0.1725
157845,44.928734,-93.26885,2023-10-13T06:00:00Z,1885.4225
188539,44.98458,-93.267876,2023-10-13T06:00:00Z,0.0245
145498,44.935925,-93.2779,2023-10-13T06:00:00Z,0.1375
196233,44.98686,-93.18338,2023-10-13T06:00:00Z,0.0395
108364,44.878834,-93.35441,2023-10-13T06:00:00Z,0.0575
85113,44.93642,-93.17899,2023-10-13T06:00:00Z,0.1525
143942,44.98081,-93.30325,2023-10-13T06:00:00Z,0.5315
143240,44.987465,-93.25782,2023-10-13T06:00:00Z,0.0865
11134,44.92776,-93.32235,2023-10-13T06:00:00Z,0.0284999999999999
142734,44.90432,-93.280624,2023-10-13T06:00:00Z,0.0795
143226,44.91171,-93.227066,2023-10-13T06:00:00Z,0.091
142774,44.953075,-93.31713,2023-10-13T06:00:00Z,0.08
142750,44.921528,-93.32784,2023-10-13T06:00:00Z,0.112
143246,44.901524,-93.276825,2023-10-13T06:00:00Z,0.0295
143660,44.93786,-93.214035,2023-10-13T06:00:00Z,0.0615
101525,44.893944,-93.30508,2023-10-13T06:00:00Z,0.181
110979,44.997475,-93.25726,2023-10-13T06:00:00Z,0.1379999999999999
54907,45.003338,-93.25568,2023-10-13T06:00:00Z,0.1525
142720,44.955555,-93.254974,2023-10-13T06:00:00Z,0.1995
113486,44.928123,-93.25389,2023-10-13T06:00:00Z,0.0
43305,44.899097,-93.30169,2023-10-13T06:00:00Z,1667.103
143916,44.960915,-93.26111,2023-10-13T06:00:00Z,0.178
21179,44.965965,-93.284615,2023-10-13T06:00:00Z,26.802
142748,44.965744,-93.285416,2023-10-13T06:00:00Z,0.108
142724,44.937733,-93.24356,2023-10-13T06:00:00Z,0.101
99807,44.91834,-93.32371,2023-10-13T06:00:00Z,0.016
143656,44.932285,-93.28308,2023-10-13T06:00:00Z,0.0855
143242,44.96826,-93.21156,2023-10-13T06:00:00Z,0.118
143666,44.998505,-93.24864,2023-10-13T06:00:00Z,0.16
61239,45.0043,-93.2546,2023-10-13T06:00:00Z,0.1305
143224,45.008877,-93.249146,2023-10-13T06:00:00Z,0.124
143216,44.97844,-93.263535,2023-10-13T06:00:00Z,0.4195
77405,44.966743,-93.17984,2023-10-13T06:00:00Z,1939.6435
142732,44.916058,-93.274155,2023-10-13T06:00:00Z,0.04
142744,44.996323,-93.29719,2023-10-13T06:00:00Z,0.0945
145204,44.967304,-93.21772,2023-10-13T06:00:00Z,0.975
143636,45.009544,-93.29431,2023-10-13T06:00:00Z,1.1595
128195,44.93578,-93.18634,2023-10-13T06:00:00Z,0.0
143214,44.90534,-93.232285,2023-10-13T06:00:00Z,0.07
142718,44.99631,-93.29565,2023-10-13T06:00:00Z,0.214
3088,44.935818,-93.21752,2023-10-13T06:00:00Z,1717.7165
5582,44.891655,-93.34291,2023-10-13T06:00:00Z,0.0069999999999999
142748,44.965744,-93.285416,2023-10-13T12:00:00Z,0.2885
143636,45.009544,-93.29431,2023-10-13T12:00:00Z,1.07
77405,44.966743,-93.17984,2023-10-13T12:00:00Z,1892.3555
193171,45.05231,-93.36097,2023-10-13T12:00:00Z,0.0049999999999999
43305,44.899097,-93.30169,2023-10-13T12:00:00Z,1666.2615
143240,44.987465,-93.25782,2023-10-13T12:00:00Z,0.1355
157871,44.934166,-93.27013,2023-10-13T12:00:00Z,0.0375
145454,44.94475,-93.23892,2023-10-13T12:00:00Z,0.9775
145470,44.90896,-93.23099,2023-10-13T12:00:00Z,0.049
128195,44.93578,-93.18634,2023-10-13T12:00:00Z,0.0
166459,44.896046,-93.26775,2023-10-13T12:00:00Z,0.073
143660,44.93786,-93.214035,2023-10-13T12:00:00Z,0.1095
157861,44.930527,-93.25872,2023-10-13T12:00:00Z,0.0875
54907,45.003338,-93.25568,2023-10-13T12:00:00Z,0.1575
145498,44.935925,-93.2779,2023-10-13T12:00:00Z,0.1425
61239,45.0043,-93.2546,2023-10-13T12:00:00Z,0.086
168327,44.95194,-93.263916,2023-10-13T12:00:00Z,0.0555
142774,44.953075,-93.31713,2023-10-13T12:00:00Z,0.105
188539,44.98458,-93.267876,2023-10-13T12:00:00Z,0.1105
142718,44.99631,-93.29565,2023-10-13T12:00:00Z,0.314
85113,44.93642,-93.17899,2023-10-13T12:00:00Z,0.507
143216,44.97844,-93.263535,2023-10-13T12:00:00Z,0.467
143656,44.932285,-93.28308,2023-10-13T12:00:00Z,0.1169999999999999
113486,44.928123,-93.25389,2023-10-13T12:00:00Z,0.0
143246,44.901524,-93.276825,2023-10-13T12:00:00Z,0.182
142720,44.955555,-93.254974,2023-10-13T12:00:00Z,0.622
143666,44.998505,-93.24864,2023-10-13T12:00:00Z,0.179
142734,44.90432,-93.280624,2023-10-13T12:00:00Z,0.098
143942,44.98081,-93.30325,2023-10-13T12:00:00Z,0.5225
157845,44.928734,-93.26885,2023-10-13T12:00:00Z,1848.4205
157877,44.901764,-93.2089,2023-10-13T12:00:00Z,0.729
143242,44.96826,-93.21156,2023-10-13T12:00:00Z,0.111
5582,44.891655,-93.34291,2023-10-13T12:00:00Z,0.01
194635,44.953735,-93.24866,2023-10-13T12:00:00Z,0.0
174855,45.05947,-93.294075,2023-10-13T12:00:00Z,0.1154999999999999
142744,44.996323,-93.29719,2023-10-13T12:00:00Z,0.1605
145242,45.007458,-93.26463,2023-10-13T12:00:00Z,0.108
143224,45.008877,-93.249146,2023-10-13T12:00:00Z,0.08
157935,44.930527,-93.32394,2023-10-13T12:00:00Z,0.022
145204,44.967304,-93.21772,2023-10-13T12:00:00Z,0.2365
142732,44.916058,-93.274155,2023-10-13T12:00:00Z,0.018
108364,44.878834,-93.35441,2023-10-13T12:00:00Z,0.0535
145604,44.962765,-93.23776,2023-10-13T12:00:00Z,0.3205
3088,44.935818,-93.21752,2023-10-13T12:00:00Z,1681.2505
11134,44.92776,-93.32235,2023-10-13T12:00:00Z,0.023
142750,44.921528,-93.32784,2023-10-13T12:00:00Z,0.1045
143226,44.91171,-93.227066,2023-10-13T12:00:00Z,0.077
183325,45.02024,-93.23328,2023-10-13T12:00:00Z,0.212
145250,44.96758,-93.3164,2023-10-13T12:00:00Z,0.1515
143916,44.960915,-93.26111,2023-10-13T12:00:00Z,0.242
174451,44.953358,-93.247055,2023-10-13T12:00:00Z,0.0535
143214,44.90534,-93.232285,2023-10-13T12:00:00Z,0.0565
182801,44.961143,-93.18576,2023-10-13T12:00:00Z,0.05
110979,44.997475,-93.25726,2023-10-13T12:00:00Z,0.1365
193207,44.998047,-93.20551,2023-10-13T12:00:00Z,0.0284999999999999
99807,44.91834,-93.32371,2023-10-13T12:00:00Z,0.0139999999999999
101525,44.893944,-93.30508,2023-10-13T12:00:00Z,0.1629999999999999
145506,44.916107,-93.25623,2023-10-13T12:00:00Z,0.1345
142724,44.937733,-93.24356,2023-10-13T12:00:00Z,0.1159999999999999
161401,44.979156,-93.31753,2023-10-13T12:00:00Z,0.0595
21179,44.965965,-93.284615,2023-10-13T12:00:00Z,34.091
143246,44.901524,-93.276825,2023-10-13T18:00:00Z,0.3315
143240,44.987465,-93.25782,2023-10-13T18:00:00Z,1.2414999999999998
143224,45.008877,-93.249146,2023-10-13T18:00:00Z,0.144
182801,44.961143,-93.18576,2023-10-13T18:00:00Z,0.1615
143214,44.90534,-93.232285,2023-10-13T18:00:00Z,0.1365
145498,44.935925,-93.2779,2023-10-13T18:00:00Z,0.1415
85113,44.93642,-93.17899,2023-10-13T18:00:00Z,0.598
108364,44.878834,-93.35441,2023-10-13T18:00:00Z,0.1855
157845,44.928734,-93.26885,2023-10-13T18:00:00Z,1846.428
168327,44.95194,-93.263916,2023-10-13T18:00:00Z,0.7985
174451,44.953358,-93.247055,2023-10-13T18:00:00Z,0.016
77405,44.966743,-93.17984,2023-10-13T18:00:00Z,1893.7645
143226,44.91171,-93.227066,2023-10-13T18:00:00Z,0.127
110979,44.997475,-93.25726,2023-10-13T18:00:00Z,0.0814999999999999
143242,44.96826,-93.21156,2023-10-13T18:00:00Z,0.09
113486,44.928123,-93.25389,2023-10-13T18:00:00Z,0.0
143216,44.97844,-93.263535,2023-10-13T18:00:00Z,1.4355
101525,44.893944,-93.30508,2023-10-13T18:00:00Z,0.1629999999999999
145506,44.916107,-93.25623,2023-10-13T18:00:00Z,0.146
174855,45.05947,-93.294075,2023-10-13T18:00:00Z,0.015
99807,44.91834,-93.32371,2023-10-13T18:00:00Z,0.114
143636,45.009544,-93.29431,2023-10-13T18:00:00Z,6.409
43305,44.899097,-93.30169,2023-10-13T18:00:00Z,1666.3855
145454,44.94475,-93.23892,2023-10-13T18:00:00Z,0.4725
193171,45.05231,-93.36097,2023-10-13T18:00:00Z,0.007
157871,44.934166,-93.27013,2023-10-13T18:00:00Z,0.0065
143666,44.998505,-93.24864,2023-10-13T18:00:00Z,0.1175
142720,44.955555,-93.254974,2023-10-13T18:00:00Z,5.102
194635,44.953735,-93.24866,2023-10-13T18:00:00Z,0.0
183325,45.02024,-93.23328,2023-10-13T18:00:00Z,0.249
143942,44.98081,-93.30325,2023-10-13T18:00:00Z,0.236
21179,44.965965,-93.284615,2023-10-13T18:00:00Z,34.370000000000005
5582,44.891655,-93.34291,2023-10-13T18:00:00Z,0.008
11134,44.92776,-93.32235,2023-10-13T18:00:00Z,0.0174999999999999
193207,44.998047,-93.20551,2023-10-13T18:00:00Z,0.25
142734,44.90432,-93.280624,2023-10-13T18:00:00Z,0.157
142750,44.921528,-93.32784,2023-10-13T18:00:00Z,0.192
145250,44.96758,-93.3164,2023-10-13T18:00:00Z,0.2955
143916,44.960915,-93.26111,2023-10-13T18:00:00Z,0.2335
142724,44.937733,-93.24356,2023-10-13T18:00:00Z,0.086
161401,44.979156,-93.31753,2023-10-13T18:00:00Z,0.152
142748,44.965744,-93.285416,2023-10-13T18:00:00Z,0.1425
157877,44.901764,-93.2089,2023-10-13T18:00:00Z,0.0295
166459,44.896046,-93.26775,2023-10-13T18:00:00Z,0.093
128195,44.93578,-93.18634,2023-10-13T18:00:00Z,0.6220000000000001
3088,44.935818,-93.21752,2023-10-13T18:00:00Z,1690.448
142732,44.916058,-93.274155,2023-10-13T18:00:00Z,0.022
157861,44.930527,-93.25872,2023-10-13T18:00:00Z,0.037
61239,45.0043,-93.2546,2023-10-13T18:00:00Z,0.1435
145204,44.967304,-93.21772,2023-10-13T18:00:00Z,0.2299999999999999
188539,44.98458,-93.267876,2023-10-13T18:00:00Z,0.305
145470,44.90896,-93.23099,2023-10-13T18:00:00Z,0.0539999999999999
142718,44.99631,-93.29565,2023-10-13T18:00:00Z,0.321
157935,44.930527,-93.32394,2023-10-13T18:00:00Z,0.019
145604,44.962765,-93.23776,2023-10-13T18:00:00Z,1.8515
145242,45.007458,-93.26463,2023-10-13T18:00:00Z,0.232
142774,44.953075,-93.31713,2023-10-13T18:00:00Z,0.0945
142744,44.996323,-93.29719,2023-10-13T18:00:00Z,0.781
54907,45.003338,-93.25568,2023-10-13T18:00:00Z,0.1565
143660,44.93786,-93.214035,2023-10-13T18:00:00Z,0.084
143656,44.932285,-93.28308,2023-10-13T18:00:00Z,0.209
142744,44.996323,-93.29719,2023-10-14T00:00:00Z,0.644
143226,44.91171,-93.227066,2023-10-14T00:00:00Z,0.533
174451,44.953358,-93.247055,2023-10-14T00:00:00Z,0.395
108364,44.878834,-93.35441,2023-10-14T00:00:00Z,0.4145
157877,44.901764,-93.2089,2023-10-14T00:00:00Z,0.1945
142734,44.90432,-93.280624,2023-10-14T00:00:00Z,0.4135
161401,44.979156,-93.31753,2023-10-14T00:00:00Z,0.4465
142750,44.921528,-93.32784,2023-10-14T00:00:00Z,0.5145000000000001
110979,44.997475,-93.25726,2023-10-14T00:00:00Z,0.554
143216,44.97844,-93.263535,2023-10-14T00:00:00Z,1.274
142720,44.955555,-93.254974,2023-10-14T00:00:00Z,0.734
157871,44.934166,-93.27013,2023-10-14T00:00:00Z,0.1395
157845,44.928734,-93.26885,2023-10-14T00:00:00Z,1873.775
142748,44.965744,-93.285416,2023-10-14T00:00:00Z,0.7045
113486,44.928123,-93.25389,2023-10-14T00:00:00Z,0.0
166459,44.896046,-93.26775,2023-10-14T00:00:00Z,0.4285
142774,44.953075,-93.31713,2023-10-14T00:00:00Z,0.614
168327,44.95194,-93.263916,2023-10-14T00:00:00Z,0.4165
157861,44.930527,-93.25872,2023-10-14T00:00:00Z,1.462
128195,44.93578,-93.18634,2023-10-14T00:00:00Z,0.2985
143214,44.90534,-93.232285,2023-10-14T00:00:00Z,0.415
142724,44.937733,-93.24356,2023-10-14T00:00:00Z,0.456
142718,44.99631,-93.29565,2023-10-14T00:00:00Z,0.924
157935,44.930527,-93.32394,2023-10-14T00:00:00Z,0.3065
145250,44.96758,-93.3164,2023-10-14T00:00:00Z,2.1155
143942,44.98081,-93.30325,2023-10-14T00:00:00Z,0.7044999999999999
145506,44.916107,-93.25623,2023-10-14T00:00:00Z,0.5595
182801,44.961143,-93.18576,2023-10-14T00:00:00Z,0.447
143240,44.987465,-93.25782,2023-10-14T00:00:00Z,1.4175
61239,45.0043,-93.2546,2023-10-14T00:00:00Z,0.5145000000000001
145454,44.94475,-93.23892,2023-10-14T00:00:00Z,0.9615
193207,44.998047,-93.20551,2023-10-14T00:00:00Z,0.365
145498,44.935925,-93.2779,2023-10-14T00:00:00Z,0.7035
193171,45.05231,-93.36097,2023-10-14T00:00:00Z,0.395
85113,44.93642,-93.17899,2023-10-14T00:00:00Z,1.016
143636,45.009544,-93.29431,2023-10-14T00:00:00Z,9.712
11134,44.92776,-93.32235,2023-10-14T00:00:00Z,0.5045
143666,44.998505,-93.24864,2023-10-14T00:00:00Z,0.6815
21179,44.965965,-93.284615,2023-10-14T00:00:00Z,31.74
183325,45.02024,-93.23328,2023-10-14T00:00:00Z,0.9185
77405,44.966743,-93.17984,2023-10-14T00:00:00Z,1909.147
143916,44.960915,-93.26111,2023-10-14T00:00:00Z,0.792
142732,44.916058,-93.274155,2023-10-14T00:00:00Z,0.3715
43305,44.899097,-93.30169,2023-10-14T00:00:00Z,1669.5075000000002
143656,44.932285,-93.28308,2023-10-14T00:00:00Z,0.4669999999999999
145604,44.962765,-93.23776,2023-10-14T00:00:00Z,3.047
3088,44.935818,-93.21752,2023-10-14T00:00:00Z,1710.8085
143224,45.008877,-93.249146,2023-10-14T00:00:00Z,0.653
54907,45.003338,-93.25568,2023-10-14T00:00:00Z,0.511
145204,44.967304,-93.21772,2023-10-14T00:00:00Z,0.487
143660,44.93786,-93.214035,2023-10-14T00:00:00Z,0.429
145242,45.007458,-93.26463,2023-10-14T00:00:00Z,0.6405000000000001
99807,44.91834,-93.32371,2023-10-14T00:00:00Z,0.1955
174855,45.05947,-93.294075,2023-10-14T00:00:00Z,0.29
143246,44.901524,-93.276825,2023-10-14T00:00:00Z,0.242
145470,44.90896,-93.23099,2023-10-14T00:00:00Z,0.422
101525,44.893944,-93.30508,2023-10-14T00:00:00Z,0.5335
143242,44.96826,-93.21156,2023-10-14T00:00:00Z,0.4579999999999999
194635,44.953735,-93.24866,2023-10-14T00:00:00Z,0.0
5582,44.891655,-93.34291,2023-10-14T00:00:00Z,0.111
188539,44.98458,-93.267876,2023-10-14T00:00:00Z,0.8280000000000001
193171,45.05231,-93.36097,2023-10-14T06:00:00Z,1.508
157871,44.934166,-93.27013,2023-10-14T06:00:00Z,0.718
143660,44.93786,-93.214035,2023-10-14T06:00:00Z,1.769
145454,44.94475,-93.23892,2023-10-14T06:00:00Z,2.3905
142748,44.965744,-93.285416,2023-10-14T06:00:00Z,2.257
143666,44.998505,-93.24864,2023-10-14T06:00:00Z,2.395
43305,44.899097,-93.30169,2023-10-14T06:00:00Z,1667.1565
142774,44.953075,-93.31713,2023-10-14T06:00:00Z,1.8235
21179,44.965965,-93.284615,2023-10-14T06:00:00Z,29.205
145204,44.967304,-93.21772,2023-10-14T06:00:00Z,1.7145
3088,44.935818,-93.21752,2023-10-14T06:00:00Z,1703.4115
145242,45.007458,-93.26463,2023-10-14T06:00:00Z,1.5495
194635,44.953735,-93.24866,2023-10-14T06:00:00Z,0.0
157935,44.930527,-93.32394,2023-10-14T06:00:00Z,1.4500000000000002
142734,44.90432,-93.280624,2023-10-14T06:00:00Z,1.892
157877,44.901764,-93.2089,2023-10-14T06:00:00Z,0.8885
5582,44.891655,-93.34291,2023-10-14T06:00:00Z,0.8819999999999999
142720,44.955555,-93.254974,2023-10-14T06:00:00Z,2.104
143942,44.98081,-93.30325,2023-10-14T06:00:00Z,2.4995000000000003
142724,44.937733,-93.24356,2023-10-14T06:00:00Z,1.6505
193207,44.998047,-93.20551,2023-10-14T06:00:00Z,1.6415
143916,44.960915,-93.26111,2023-10-14T06:00:00Z,2.355
166459,44.896046,-93.26775,2023-10-14T06:00:00Z,1.099
145250,44.96758,-93.3164,2023-10-14T06:00:00Z,2.285
142750,44.921528,-93.32784,2023-10-14T06:00:00Z,1.825
11134,44.92776,-93.32235,2023-10-14T06:00:00Z,1.1755
161401,44.979156,-93.31753,2023-10-14T06:00:00Z,1.4325
142744,44.996323,-93.29719,2023-10-14T06:00:00Z,1.962
54907,45.003338,-93.25568,2023-10-14T06:00:00Z,1.6869999999999998
142732,44.916058,-93.274155,2023-10-14T06:00:00Z,0.9975
113486,44.928123,-93.25389,2023-10-14T06:00:00Z,0.0
143216,44.97844,-93.263535,2023-10-14T06:00:00Z,1.8595
143214,44.90534,-93.232285,2023-10-14T06:00:00Z,1.5605
143226,44.91171,-93.227066,2023-10-14T06:00:00Z,1.6145
145498,44.935925,-93.2779,2023-10-14T06:00:00Z,2.14
168327,44.95194,-93.263916,2023-10-14T06:00:00Z,1.642
143242,44.96826,-93.21156,2023-10-14T06:00:00Z,1.824
143246,44.901524,-93.276825,2023-10-14T06:00:00Z,0.66
77405,44.966743,-93.17984,2023-10-14T06:00:00Z,1887.7485
85113,44.93642,-93.17899,2023-10-14T06:00:00Z,1.858
99807,44.91834,-93.32371,2023-10-14T06:00:00Z,1.3395
145506,44.916107,-93.25623,2023-10-14T06:00:00Z,1.7175
182801,44.961143,-93.18576,2023-10-14T06:00:00Z,2.076
110979,44.997475,-93.25726,2023-10-14T06:00:00Z,1.666
157845,44.928734,-93.26885,2023-10-14T06:00:00Z,1862.764
188539,44.98458,-93.267876,2023-10-14T06:00:00Z,1.73
183325,45.02024,-93.23328,2023-10-14T06:00:00Z,2.207
174855,45.05947,-93.294075,2023-10-14T06:00:00Z,1.296
143240,44.987465,-93.25782,2023-10-14T06:00:00Z,2.0085
174451,44.953358,-93.247055,2023-10-14T06:00:00Z,1.907
143656,44.932285,-93.28308,2023-10-14T06:00:00Z,1.6404999999999998
61239,45.0043,-93.2546,2023-10-14T06:00:00Z,1.599
145604,44.962765,-93.23776,2023-10-14T06:00:00Z,2.1885000000000003
101525,44.893944,-93.30508,2023-10-14T06:00:00Z,1.574
157861,44.930527,-93.25872,2023-10-14T06:00:00Z,1.7214999999999998
142718,44.99631,-93.29565,2023-10-14T06:00:00Z,2.439
145470,44.90896,-93.23099,2023-10-14T06:00:00Z,1.7445
128195,44.93578,-93.18634,2023-10-14T06:00:00Z,0.0025
143636,45.009544,-93.29431,2023-10-14T06:00:00Z,11.2725
143224,45.008877,-93.249146,2023-10-14T06:00:00Z,1.9445
108364,44.878834,-93.35441,2023-10-14T06:00:00Z,1.4925000000000002
194635,44.953735,-93.24866,2023-10-14T12:00:00Z,0.0
174855,45.05947,-93.294075,2023-10-14T12:00:00Z,0.1355
142734,44.90432,-93.280624,2023-10-14T12:00:00Z,1.949
157935,44.930527,-93.32394,2023-10-14T12:00:00Z,0.238
3088,44.935818,-93.21752,2023-10-14T12:00:00Z,1683.979
174451,44.953358,-93.247055,2023-10-14T12:00:00Z,0.3239999999999999
99807,44.91834,-93.32371,2023-10-14T12:00:00Z,0.095
108364,44.878834,-93.35441,2023-10-14T12:00:00Z,0.2405
188539,44.98458,-93.267876,2023-10-14T12:00:00Z,0.6775
193207,44.998047,-93.20551,2023-10-14T12:00:00Z,0.207
166459,44.896046,-93.26775,2023-10-14T12:00:00Z,0.2825
142718,44.99631,-93.29565,2023-10-14T12:00:00Z,0.6535
43305,44.899097,-93.30169,2023-10-14T12:00:00Z,1667.4395000000002
128195,44.93578,-93.18634,2023-10-14T12:00:00Z,0.621
54907,45.003338,-93.25568,2023-10-14T12:00:00Z,0.303
61239,45.0043,-93.2546,2023-10-14T12:00:00Z,0.2695
183325,45.02024,-93.23328,2023-10-14T12:00:00Z,0.51
193171,45.05231,-93.36097,2023-10-14T12:00:00Z,0.166
21179,44.965965,-93.284615,2023-10-14T12:00:00Z,10.404
142720,44.955555,-93.254974,2023-10-14T12:00:00Z,0.4685
161401,44.979156,-93.31753,2023-10-14T12:00:00Z,0.183
168327,44.95194,-93.263916,2023-10-14T12:00:00Z,0.2625
11134,44.92776,-93.32235,2023-10-14T12:00:00Z,0.1005
113486,44.928123,-93.25389,2023-10-14T12:00:00Z,0.0
77405,44.966743,-93.17984,2023-10-14T12:00:00Z,1820.645
85113,44.93642,-93.17899,2023-10-14T12:00:00Z,0.371
182801,44.961143,-93.18576,2023-10-14T12:00:00Z,0.9555
110979,44.997475,-93.25726,2023-10-14T12:00:00Z,0.3375
142724,44.937733,-93.24356,2023-10-14T12:00:00Z,0.3085
5582,44.891655,-93.34291,2023-10-14T12:00:00Z,0.1144999999999999
101525,44.893944,-93.30508,2023-10-14T12:00:00Z,0.358
143246,44.901524,-93.276825,2023-10-14T12:00:00Z,0.0905
143240,44.987465,-93.25782,2023-10-14T12:00:00Z,0.427
142744,44.996323,-93.29719,2023-10-14T12:00:00Z,0.4205
143942,44.98081,-93.30325,2023-10-14T12:00:00Z,0.6054999999999999
143226,44.91171,-93.227066,2023-10-14T12:00:00Z,0.2875
145470,44.90896,-93.23099,2023-10-14T12:00:00Z,0.273
143216,44.97844,-93.263535,2023-10-14T12:00:00Z,0.2785
157845,44.928734,-93.26885,2023-10-14T12:00:00Z,1799.7030000000002
143656,44.932285,-93.28308,2023-10-14T12:00:00Z,0.342
157877,44.901764,-93.2089,2023-10-14T12:00:00Z,0.1119999999999999
143660,44.93786,-93.214035,2023-10-14T12:00:00Z,0.266
145250,44.96758,-93.3164,2023-10-14T12:00:00Z,0.4145
143214,44.90534,-93.232285,2023-10-14T12:00:00Z,0.2254999999999999
145454,44.94475,-93.23892,2023-10-14T12:00:00Z,0.649
157871,44.934166,-93.27013,2023-10-14T12:00:00Z,0.143
142748,44.965744,-93.285416,2023-10-14T12:00:00Z,0.649
157861,44.930527,-93.25872,2023-10-14T12:00:00Z,0.3165
143666,44.998505,-93.24864,2023-10-14T12:00:00Z,0.3835
143916,44.960915,-93.26111,2023-10-14T12:00:00Z,0.5405
143636,45.009544,-93.29431,2023-10-14T12:00:00Z,4.926
142750,44.921528,-93.32784,2023-10-14T12:00:00Z,0.272
145604,44.962765,-93.23776,2023-10-14T12:00:00Z,0.571
145506,44.916107,-93.25623,2023-10-14T12:00:00Z,0.405
145204,44.967304,-93.21772,2023-10-14T12:00:00Z,0.3235
142732,44.916058,-93.274155,2023-10-14T12:00:00Z,0.185
143242,44.96826,-93.21156,2023-10-14T12:00:00Z,0.309
145498,44.935925,-93.2779,2023-10-14T12:00:00Z,0.5495
145242,45.007458,-93.26463,2023-10-14T12:00:00Z,0.4375
142774,44.953075,-93.31713,2023-10-14T12:00:00Z,0.479
143224,45.008877,-93.249146,2023-10-14T12:00:00Z,0.995
174451,44.953358,-93.247055,2023-10-14T18:00:00Z,1.3405
43305,44.899097,-93.30169,2023-10-14T18:00:00Z,1666.5175
143214,44.90534,-93.232285,2023-10-14T18:00:00Z,1.212
145506,44.916107,-93.25623,2023-10-14T18:00:00Z,0.9055
143240,44.987465,-93.25782,2023-10-14T18:00:00Z,1.1709999999999998
143224,45.008877,-93.249146,2023-10-14T18:00:00Z,2.267
143242,44.96826,-93.21156,2023-10-14T18:00:00Z,0.5915
168327,44.95194,-93.263916,2023-10-14T18:00:00Z,0.7945
143660,44.93786,-93.214035,2023-10-14T18:00:00Z,0.661
157861,44.930527,-93.25872,2023-10-14T18:00:00Z,1.168
128195,44.93578,-93.18634,2023-10-14T18:00:00Z,0.0279999999999999
193171,45.05231,-93.36097,2023-10-14T18:00:00Z,0.8055
142774,44.953075,-93.31713,2023-10-14T18:00:00Z,1.122
21179,44.965965,-93.284615,2023-10-14T18:00:00Z,11.7545
182801,44.961143,-93.18576,2023-10-14T18:00:00Z,0.8035
143666,44.998505,-93.24864,2023-10-14T18:00:00Z,1.0165
85113,44.93642,-93.17899,2023-10-14T18:00:00Z,1.0285
61239,45.0043,-93.2546,2023-10-14T18:00:00Z,0.9685
183325,45.02024,-93.23328,2023-10-14T18:00:00Z,1.4505
77405,44.966743,-93.17984,2023-10-14T18:00:00Z,1765.091
54907,45.003338,-93.25568,2023-10-14T18:00:00Z,1.0275
143226,44.91171,-93.227066,2023-10-14T18:00:00Z,0.712
143246,44.901524,-93.276825,2023-10-14T18:00:00Z,0.4315
108364,44.878834,-93.35441,2023-10-14T18:00:00Z,0.5309999999999999
166459,44.896046,-93.26775,2023-10-14T18:00:00Z,0.6525
145470,44.90896,-93.23099,2023-10-14T18:00:00Z,0.974
174855,45.05947,-93.294075,2023-10-14T18:00:00Z,0.681
99807,44.91834,-93.32371,2023-10-14T18:00:00Z,0.5525
143216,44.97844,-93.263535,2023-10-14T18:00:00Z,0.919
145498,44.935925,-93.2779,2023-10-14T18:00:00Z,1.7145
110979,44.997475,-93.25726,2023-10-14T18:00:00Z,1.3955
145604,44.962765,-93.23776,2023-10-14T18:00:00Z,1.353
143656,44.932285,-93.28308,2023-10-14T18:00:00Z,1.1915
188539,44.98458,-93.267876,2023-10-14T18:00:00Z,5.4705
101525,44.893944,-93.30508,2023-10-14T18:00:00Z,0.7070000000000001
113486,44.928123,-93.25389,2023-10-14T18:00:00Z,0.066
143636,45.009544,-93.29431,2023-10-14T18:00:00Z,2.4305
157845,44.928734,-93.26885,2023-10-14T18:00:00Z,1739.6945
142732,44.916058,-93.274155,2023-10-14T18:00:00Z,0.529
145454,44.94475,-93.23892,2023-10-14T18:00:00Z,1.2035
142750,44.921528,-93.32784,2023-10-14T18:00:00Z,0.7905
142724,44.937733,-93.24356,2023-10-14T18:00:00Z,0.8614999999999999
161401,44.979156,-93.31753,2023-10-14T18:00:00Z,0.6890000000000001
193207,44.998047,-93.20551,2023-10-14T18:00:00Z,0.6575
142744,44.996323,-93.29719,2023-10-14T18:00:00Z,1.091
157877,44.901764,-93.2089,2023-10-14T18:00:00Z,0.3765
143916,44.960915,-93.26111,2023-10-14T18:00:00Z,1.2855
142734,44.90432,-93.280624,2023-10-14T18:00:00Z,1.1735
5582,44.891655,-93.34291,2023-10-14T18:00:00Z,0.364
145242,45.007458,-93.26463,2023-10-14T18:00:00Z,1.343
145250,44.96758,-93.3164,2023-10-14T18:00:00Z,0.8605
194635,44.953735,-93.24866,2023-10-14T18:00:00Z,0.0
157871,44.934166,-93.27013,2023-10-14T18:00:00Z,0.56
157935,44.930527,-93.32394,2023-10-14T18:00:00Z,0.5375
142720,44.955555,-93.254974,2023-10-14T18:00:00Z,1.2435
143942,44.98081,-93.30325,2023-10-14T18:00:00Z,1.5045
142748,44.965744,-93.285416,2023-10-14T18:00:00Z,1.052
145204,44.967304,-93.21772,2023-10-14T18:00:00Z,0.5509999999999999
3088,44.935818,-93.21752,2023-10-14T18:00:00Z,1666.2255
142718,44.99631,-93.29565,2023-10-14T18:00:00Z,1.6775000000000002
11134,44.92776,-93.32235,2023-10-14T18:00:00Z,0.5265
145604,44.962765,-93.23776,2023-10-15T00:00:00Z,3.565
61239,45.0043,-93.2546,2023-10-15T00:00:00Z,3.982
143942,44.98081,-93.30325,2023-10-15T00:00:00Z,4.800000000000001
108364,44.878834,-93.35441,2023-10-15T00:00:00Z,2.2485
85113,44.93642,-93.17899,2023-10-15T00:00:00Z,3.0895
143636,45.009544,-93.29431,2023-10-15T00:00:00Z,10.089
54907,45.003338,-93.25568,2023-10-15T00:00:00Z,4.2795
174451,44.953358,-93.247055,2023-10-15T00:00:00Z,4.662
182801,44.961143,-93.18576,2023-10-15T00:00:00Z,2.5775
143666,44.998505,-93.24864,2023-10-15T00:00:00Z,3.7555
142732,44.916058,-93.274155,2023-10-15T00:00:00Z,2.037
143226,44.91171,-93.227066,2023-10-15T00:00:00Z,5.952500000000001
142724,44.937733,-93.24356,2023-10-15T00:00:00Z,3.379
183325,45.02024,-93.23328,2023-10-15T00:00:00Z,4.4725
194635,44.953735,-93.24866,2023-10-15T00:00:00Z,0.0
101525,44.893944,-93.30508,2023-10-15T00:00:00Z,2.815
157877,44.901764,-93.2089,2023-10-15T00:00:00Z,1.9835
145242,45.007458,-93.26463,2023-10-15T00:00:00Z,3.609
142734,44.90432,-93.280624,2023-10-15T00:00:00Z,4.363
143224,45.008877,-93.249146,2023-10-15T00:00:00Z,4.1725
145506,44.916107,-93.25623,2023-10-15T00:00:00Z,3.5380000000000003
143246,44.901524,-93.276825,2023-10-15T00:00:00Z,1.8755
3088,44.935818,-93.21752,2023-10-15T00:00:00Z,1671.4820000000002
99807,44.91834,-93.32371,2023-10-15T00:00:00Z,2.6265
174855,45.05947,-93.294075,2023-10-15T00:00:00Z,3.606
157935,44.930527,-93.32394,2023-10-15T00:00:00Z,2.165
143240,44.987465,-93.25782,2023-10-15T00:00:00Z,4.3535
77405,44.966743,-93.17984,2023-10-15T00:00:00Z,1868.424
145498,44.935925,-93.2779,2023-10-15T00:00:00Z,4.3335
143242,44.96826,-93.21156,2023-10-15T00:00:00Z,2.763
145204,44.967304,-93.21772,2023-10-15T00:00:00Z,3.5355
166459,44.896046,-93.26775,2023-10-15T00:00:00Z,1.9275
142750,44.921528,-93.32784,2023-10-15T00:00:00Z,2.838
168327,44.95194,-93.263916,2023-10-15T00:00:00Z,3.0395000000000003
142720,44.955555,-93.254974,2023-10-15T00:00:00Z,4.452500000000001
145470,44.90896,-93.23099,2023-10-15T00:00:00Z,3.383
143214,44.90534,-93.232285,2023-10-15T00:00:00Z,3.1995
145250,44.96758,-93.3164,2023-10-15T00:00:00Z,3.1265
145454,44.94475,-93.23892,2023-10-15T00:00:00Z,3.931
157871,44.934166,-93.27013,2023-10-15T00:00:00Z,1.662
43305,44.899097,-93.30169,2023-10-15T00:00:00Z,1667.7255
143660,44.93786,-93.214035,2023-10-15T00:00:00Z,5.5275
11134,44.92776,-93.32235,2023-10-15T00:00:00Z,2.371
142718,44.99631,-93.29565,2023-10-15T00:00:00Z,4.4855
128195,44.93578,-93.18634,2023-10-15T00:00:00Z,2.2815
193171,45.05231,-93.36097,2023-10-15T00:00:00Z,2.521
157861,44.930527,-93.25872,2023-10-15T00:00:00Z,5.254
21179,44.965965,-93.284615,2023-10-15T00:00:00Z,18.839
142748,44.965744,-93.285416,2023-10-15T00:00:00Z,3.5845
142774,44.953075,-93.31713,2023-10-15T00:00:00Z,3.28
143916,44.960915,-93.26111,2023-10-15T00:00:00Z,4.0975
142744,44.996323,-93.29719,2023-10-15T00:00:00Z,3.725
143656,44.932285,-93.28308,2023-10-15T00:00:00Z,3.405
110979,44.997475,-93.25726,2023-10-15T00:00:00Z,4.2465
188539,44.98458,-93.267876,2023-10-15T00:00:00Z,15.8805
143216,44.97844,-93.263535,2023-10-15T00:00:00Z,3.817
157845,44.928734,-93.26885,2023-10-15T00:00:00Z,1831.517
5582,44.891655,-93.34291,2023-10-15T00:00:00Z,1.723
161401,44.979156,-93.31753,2023-10-15T00:00:00Z,2.458
193207,44.998047,-93.20551,2023-10-15T00:00:00Z,2.731
143656,44.932285,-93.28308,2023-10-15T06:00:00Z,3.1445
143660,44.93786,-93.214035,2023-10-15T06:00:00Z,3.4815
54907,45.003338,-93.25568,2023-10-15T06:00:00Z,4.173
5582,44.891655,-93.34291,2023-10-15T06:00:00Z,1.7295
21179,44.965965,-93.284615,2023-10-15T06:00:00Z,14.482
3088,44.935818,-93.21752,2023-10-15T06:00:00Z,1713.523
145204,44.967304,-93.21772,2023-10-15T06:00:00Z,3.511
182801,44.961143,-93.18576,2023-10-15T06:00:00Z,2.9370000000000003
11134,44.92776,-93.32235,2023-10-15T06:00:00Z,2.24
143666,44.998505,-93.24864,2023-10-15T06:00:00Z,4.2075
193171,45.05231,-93.36097,2023-10-15T06:00:00Z,2.7375
145470,44.90896,-93.23099,2023-10-15T06:00:00Z,3.3365
143916,44.960915,-93.26111,2023-10-15T06:00:00Z,4.5425
143240,44.987465,-93.25782,2023-10-15T06:00:00Z,4.095000000000001
77405,44.966743,-93.17984,2023-10-15T06:00:00Z,1913.9865
194635,44.953735,-93.24866,2023-10-15T06:00:00Z,0.0
145498,44.935925,-93.2779,2023-10-15T06:00:00Z,3.9215
145250,44.96758,-93.3164,2023-10-15T06:00:00Z,3.0505
193207,44.998047,-93.20551,2023-10-15T06:00:00Z,3.223
61239,45.0043,-93.2546,2023-10-15T06:00:00Z,3.862
143942,44.98081,-93.30325,2023-10-15T06:00:00Z,4.26
183325,45.02024,-93.23328,2023-10-15T06:00:00Z,3.8305
145242,45.007458,-93.26463,2023-10-15T06:00:00Z,2.7675
143246,44.901524,-93.276825,2023-10-15T06:00:00Z,1.535
43305,44.899097,-93.30169,2023-10-15T06:00:00Z,1667.7975
188539,44.98458,-93.267876,2023-10-15T06:00:00Z,3.3865
143636,45.009544,-93.29431,2023-10-15T06:00:00Z,4.575
145454,44.94475,-93.23892,2023-10-15T06:00:00Z,4.495
145506,44.916107,-93.25623,2023-10-15T06:00:00Z,3.527
142720,44.955555,-93.254974,2023-10-15T06:00:00Z,4.6825
166459,44.896046,-93.26775,2023-10-15T06:00:00Z,1.962
174855,45.05947,-93.294075,2023-10-15T06:00:00Z,3.526
128195,44.93578,-93.18634,2023-10-15T06:00:00Z,0.023
143224,45.008877,-93.249146,2023-10-15T06:00:00Z,4.9005
143216,44.97844,-93.263535,2023-10-15T06:00:00Z,3.596
101525,44.893944,-93.30508,2023-10-15T06:00:00Z,2.905
161401,44.979156,-93.31753,2023-10-15T06:00:00Z,2.443
143226,44.91171,-93.227066,2023-10-15T06:00:00Z,2.9705
145604,44.962765,-93.23776,2023-10-15T06:00:00Z,3.876
174451,44.953358,-93.247055,2023-10-15T06:00:00Z,4.0945
157861,44.930527,-93.25872,2023-10-15T06:00:00Z,3.5460000000000003
157871,44.934166,-93.27013,2023-10-15T06:00:00Z,1.572
142718,44.99631,-93.29565,2023-10-15T06:00:00Z,4.0175
108364,44.878834,-93.35441,2023-10-15T06:00:00Z,2.477
142748,44.965744,-93.285416,2023-10-15T06:00:00Z,3.373
110979,44.997475,-93.25726,2023-10-15T06:00:00Z,3.5285
142744,44.996323,-93.29719,2023-10-15T06:00:00Z,3.3375000000000004
142750,44.921528,-93.32784,2023-10-15T06:00:00Z,3.2155
142774,44.953075,-93.31713,2023-10-15T06:00:00Z,2.982
143242,44.96826,-93.21156,2023-10-15T06:00:00Z,3.292
85113,44.93642,-93.17899,2023-10-15T06:00:00Z,3.0305
142732,44.916058,-93.274155,2023-10-15T06:00:00Z,1.898
168327,44.95194,-93.263916,2023-10-15T06:00:00Z,3.544
142734,44.90432,-93.280624,2023-10-15T06:00:00Z,3.033
142724,44.937733,-93.24356,2023-10-15T06:00:00Z,3.4205
143214,44.90534,-93.232285,2023-10-15T06:00:00Z,2.9255
99807,44.91834,-93.32371,2023-10-15T06:00:00Z,2.512
157935,44.930527,-93.32394,2023-10-15T06:00:00Z,2.3840000000000003
157877,44.901764,-93.2089,2023-10-15T06:00:00Z,1.6575000000000002
157845,44.928734,-93.26885,2023-10-15T06:00:00Z,1899.5285
128195,44.93578,-93.18634,2023-10-15T12:00:00Z,0.089
145454,44.94475,-93.23892,2023-10-15T12:00:00Z,4.662
143660,44.93786,-93.214035,2023-10-15T12:00:00Z,3.5405
143214,44.90534,-93.232285,2023-10-15T12:00:00Z,3.1295
193171,45.05231,-93.36097,2023-10-15T12:00:00Z,3.162
21179,44.965965,-93.284615,2023-10-15T12:00:00Z,8.422
157861,44.930527,-93.25872,2023-10-15T12:00:00Z,3.948
166459,44.896046,-93.26775,2023-10-15T12:00:00Z,2.127
142774,44.953075,-93.31713,2023-10-15T12:00:00Z,3.141
113486,44.928123,-93.25389,2023-10-15T12:00:00Z,0.0694999999999999
142748,44.965744,-93.285416,2023-10-15T12:00:00Z,3.359
143242,44.96826,-93.21156,2023-10-15T12:00:00Z,3.5010000000000003
11134,44.92776,-93.32235,2023-10-15T12:00:00Z,4.9575
142734,44.90432,-93.280624,2023-10-15T12:00:00Z,2.9605
143942,44.98081,-93.30325,2023-10-15T12:00:00Z,4.302
142732,44.916058,-93.274155,2023-10-15T12:00:00Z,1.944
194635,44.953735,-93.24866,2023-10-15T12:00:00Z,0.0
157877,44.901764,-93.2089,2023-10-15T12:00:00Z,1.8115
157935,44.930527,-93.32394,2023-10-15T12:00:00Z,2.5935
145242,45.007458,-93.26463,2023-10-15T12:00:00Z,2.742
3088,44.935818,-93.21752,2023-10-15T12:00:00Z,1715.2995
142724,44.937733,-93.24356,2023-10-15T12:00:00Z,3.5775
143666,44.998505,-93.24864,2023-10-15T12:00:00Z,4.0615000000000006
142744,44.996323,-93.29719,2023-10-15T12:00:00Z,3.515
5582,44.891655,-93.34291,2023-10-15T12:00:00Z,1.876
143916,44.960915,-93.26111,2023-10-15T12:00:00Z,4.9815000000000005
193207,44.998047,-93.20551,2023-10-15T12:00:00Z,3.759
161401,44.979156,-93.31753,2023-10-15T12:00:00Z,2.534
142720,44.955555,-93.254974,2023-10-15T12:00:00Z,4.424
168327,44.95194,-93.263916,2023-10-15T12:00:00Z,3.6075
157871,44.934166,-93.27013,2023-10-15T12:00:00Z,1.627
145250,44.96758,-93.3164,2023-10-15T12:00:00Z,3.334
142718,44.99631,-93.29565,2023-10-15T12:00:00Z,4.1775
142750,44.921528,-93.32784,2023-10-15T12:00:00Z,3.4505
43305,44.899097,-93.30169,2023-10-15T12:00:00Z,1667.6554999999998
145204,44.967304,-93.21772,2023-10-15T12:00:00Z,3.5115
183325,45.02024,-93.23328,2023-10-15T12:00:00Z,4.064
143636,45.009544,-93.29431,2023-10-15T12:00:00Z,4.9125
143226,44.91171,-93.227066,2023-10-15T12:00:00Z,3.0875
77405,44.966743,-93.17984,2023-10-15T12:00:00Z,1873.098
145470,44.90896,-93.23099,2023-10-15T12:00:00Z,3.483
101525,44.893944,-93.30508,2023-10-15T12:00:00Z,3.6295
145498,44.935925,-93.2779,2023-10-15T12:00:00Z,3.9405
61239,45.0043,-93.2546,2023-10-15T12:00:00Z,3.4515
54907,45.003338,-93.25568,2023-10-15T12:00:00Z,3.818
174451,44.953358,-93.247055,2023-10-15T12:00:00Z,4.3195
143240,44.987465,-93.25782,2023-10-15T12:00:00Z,3.769
108364,44.878834,-93.35441,2023-10-15T12:00:00Z,2.837
145604,44.962765,-93.23776,2023-10-15T12:00:00Z,4.0785
143216,44.97844,-93.263535,2023-10-15T12:00:00Z,3.5165
145506,44.916107,-93.25623,2023-10-15T12:00:00Z,4.123
157845,44.928734,-93.26885,2023-10-15T12:00:00Z,1872.196
174855,45.05947,-93.294075,2023-10-15T12:00:00Z,3.1315
182801,44.961143,-93.18576,2023-10-15T12:00:00Z,3.4375
143656,44.932285,-93.28308,2023-10-15T12:00:00Z,3.139
99807,44.91834,-93.32371,2023-10-15T12:00:00Z,2.762
143224,45.008877,-93.249146,2023-10-15T12:00:00Z,4.4295
188539,44.98458,-93.267876,2023-10-15T12:00:00Z,3.7445
110979,44.997475,-93.25726,2023-10-15T12:00:00Z,3.6435
143246,44.901524,-93.276825,2023-10-15T12:00:00Z,1.479
85113,44.93642,-93.17899,2023-10-15T12:00:00Z,3.5705
5582,44.891655,-93.34291,2023-10-15T18:00:00Z,2.542
142744,44.996323,-93.29719,2023-10-15T18:00:00Z,3.941
143224,45.008877,-93.249146,2023-10-15T18:00:00Z,4.192
174855,45.05947,-93.294075,2023-10-15T18:00:00Z,3.3065
143916,44.960915,-93.26111,2023-10-15T18:00:00Z,6.002
145506,44.916107,-93.25623,2023-10-15T18:00:00Z,3.6835
143226,44.91171,-93.227066,2023-10-15T18:00:00Z,3.307
77405,44.966743,-93.17984,2023-10-15T18:00:00Z,1542.2845
3088,44.935818,-93.21752,2023-10-15T18:00:00Z,1667.2855
99807,44.91834,-93.32371,2023-10-15T18:00:00Z,5.5205
142724,44.937733,-93.24356,2023-10-15T18:00:00Z,4.117
157935,44.930527,-93.32394,2023-10-15T18:00:00Z,3.081
145498,44.935925,-93.2779,2023-10-15T18:00:00Z,4.492
143240,44.987465,-93.25782,2023-10-15T18:00:00Z,3.6495
157877,44.901764,-93.2089,2023-10-15T18:00:00Z,2.766
194635,44.953735,-93.24866,2023-10-15T18:00:00Z,0.0
145204,44.967304,-93.21772,2023-10-15T18:00:00Z,3.4305
142732,44.916058,-93.274155,2023-10-15T18:00:00Z,2.1265
85113,44.93642,-93.17899,2023-10-15T18:00:00Z,5.587999999999999
143942,44.98081,-93.30325,2023-10-15T18:00:00Z,4.577
182801,44.961143,-93.18576,2023-10-15T18:00:00Z,3.683
142734,44.90432,-93.280624,2023-10-15T18:00:00Z,3.559
145242,45.007458,-93.26463,2023-10-15T18:00:00Z,2.995
142750,44.921528,-93.32784,2023-10-15T18:00:00Z,3.929
168327,44.95194,-93.263916,2023-10-15T18:00:00Z,3.1585
143246,44.901524,-93.276825,2023-10-15T18:00:00Z,1.7675
193171,45.05231,-93.36097,2023-10-15T18:00:00Z,8.6435
128195,44.93578,-93.18634,2023-10-15T18:00:00Z,0.2295
143216,44.97844,-93.263535,2023-10-15T18:00:00Z,3.8695
143660,44.93786,-93.214035,2023-10-15T18:00:00Z,4.684
143636,45.009544,-93.29431,2023-10-15T18:00:00Z,4.701
110979,44.997475,-93.25726,2023-10-15T18:00:00Z,3.9755
54907,45.003338,-93.25568,2023-10-15T18:00:00Z,3.791
21179,44.965965,-93.284615,2023-10-15T18:00:00Z,3.8395
113486,44.928123,-93.25389,2023-10-15T18:00:00Z,0.4725
188539,44.98458,-93.267876,2023-10-15T18:00:00Z,5.6265
157845,44.928734,-93.26885,2023-10-15T18:00:00Z,1703.403
145454,44.94475,-93.23892,2023-10-15T18:00:00Z,4.6725
143214,44.90534,-93.232285,2023-10-15T18:00:00Z,3.5505
143656,44.932285,-93.28308,2023-10-15T18:00:00Z,3.159
143242,44.96826,-93.21156,2023-10-15T18:00:00Z,3.5555
157861,44.930527,-93.25872,2023-10-15T18:00:00Z,4.104
166459,44.896046,-93.26775,2023-10-15T18:00:00Z,2.482
174451,44.953358,-93.247055,2023-10-15T18:00:00Z,4.7865
101525,44.893944,-93.30508,2023-10-15T18:00:00Z,3.128
161401,44.979156,-93.31753,2023-10-15T18:00:00Z,3.02
157871,44.934166,-93.27013,2023-10-15T18:00:00Z,1.709
142720,44.955555,-93.254974,2023-10-15T18:00:00Z,4.317
43305,44.899097,-93.30169,2023-10-15T18:00:00Z,1668.0385
183325,45.02024,-93.23328,2023-10-15T18:00:00Z,4.4645
61239,45.0043,-93.2546,2023-10-15T18:00:00Z,4.4385
142718,44.99631,-93.29565,2023-10-15T18:00:00Z,4.3375
145250,44.96758,-93.3164,2023-10-15T18:00:00Z,3.917
145604,44.962765,-93.23776,2023-10-15T18:00:00Z,4.1905
108364,44.878834,-93.35441,2023-10-15T18:00:00Z,3.002
11134,44.92776,-93.32235,2023-10-15T18:00:00Z,3.398
143666,44.998505,-93.24864,2023-10-15T18:00:00Z,4.1025
145470,44.90896,-93.23099,2023-10-15T18:00:00Z,3.4
142748,44.965744,-93.285416,2023-10-15T18:00:00Z,3.2165
193207,44.998047,-93.20551,2023-10-15T18:00:00Z,4.148999999999999
142774,44.953075,-93.31713,2023-10-15T18:00:00Z,3.242
