Sensor_ID_1,Sensor_ID_2,Distance
3088,5582,9.169156312408587
3088,11134,7.251682847685751
3088,21179,5.073362518845242
3088,43305,6.3338174683233115
3088,54907,5.349296674485365
3088,61239,5.37129499213495
3088,77405,3.3620935337608593
3088,85113,2.6578224820869654
3088,99807,7.422700298925264
3088,101525,6.694277111250276
3088,108364,10.226983343808008
3088,110979,5.059406019358188
3088,113486,2.5640494559813614
3088,128195,2.1505542006896525
3088,142718,6.8151980462175725
3088,142720,2.920017975795488
3088,142726,7.362456324343257
3088,142724,1.8008857361567516
3088,142734,4.8644895579402485
3088,142732,4.137170139690604
3088,142736,5.138274458874733
3088,142742,7.627669122251176
3088,142744,6.900032944177002
3088,142750,7.672579778193851
3088,142748,5.117639292404616
3088,142774,6.9726597864872915
3088,142928,2.538000660549639
3088,142932,2.7088881618660796
3088,143214,2.335819776691048
3088,143216,4.326054346390518
3088,143226,1.7883913041565513
3088,143224,5.490905330624098
3088,143242,2.275041889859369
3088,143240,4.518337312519067
3088,143246,4.7250532481389875
3088,143248,5.623621345581314
3088,143284,2.2834073244207382
3088,143634,8.066378145498199
3088,143636,7.342291037916882
3088,143648,8.25409641452048
3088,143656,4.528377296516365
3088,143660,0.27859117296389607
3088,143666,4.827123608591921
3088,143668,4.9360081348926155
3088,143916,3.4692030099326185
3088,143942,6.677815527398184
3088,145202,5.496184307396786
3088,145204,2.17170190185681
3088,145242,5.913793089793752
3088,145250,7.163178252777181
3088,145262,6.5839892555573085
3088,145454,1.5994121197908928
3088,145470,2.072373671406616
3088,145498,4.1645468278819955
3088,145506,2.9961150406697192
3088,145604,2.324473434814898
3088,157845,3.573898536719676
3088,157861,2.8649907277076365
3088,157871,3.6304149415354012
3088,157877,2.422857652588283
3088,157935,7.349085760538085
3088,161401,7.517709029514873
3088,166459,4.41899380208606
3088,168327,3.3877262812390105
3088,174451,2.3692399214858404
3088,174855,10.030766615256757
3088,176569,2.2089761025046752
3088,182801,2.80170842354479
3088,183325,5.923361938467904
3088,186901,1.6107114112809364
3088,188539,4.834678999896452
3088,193171,12.745545584611015
3088,193207,4.371274081606784
3088,194635,2.4779339434980465
3088,196233,4.235377928202171
3088,198941,0.9374499209795111
5582,11134,2.86569628379174
5582,21179,6.514232855704392
5582,43305,2.888997398837062
5582,54907,9.774155159594068
5582,61239,9.87231479233962
5582,77405,12.382385818428887
5582,85113,11.719928595826984
5582,99807,2.267422266214825
5582,101525,2.613989627136708
5582,108364,1.1879004887554123
5582,110979,9.389795536420454
5582,113486,6.635136511099477
5582,128195,11.219630827418923
5582,142718,7.920149941396943
5582,142720,7.497358592131588
5582,142726,9.288050249930851
5582,142724,7.553510243216737
5582,142734,4.383912203175628
5582,142732,5.032018811818343
5582,142736,6.983326295591445
5582,142742,1.791057613420507
5582,142744,7.87785161655641
5582,142750,2.3077364399709244
5582,142748,6.468230093412115
5582,142774,4.594305678856789
5582,142928,7.9976911074056725
5582,142932,7.566815786813291
5582,143214,7.6882080338164585
5582,143216,8.111793210013884
5582,143226,8.108862926004141
5582,143224,10.353338937482878
5582,143242,10.487661484957062
5582,143240,8.838096511330118
5582,143246,4.608572486753963
5582,143248,9.68762192317589
5582,143284,7.718026016304305
5582,143634,9.721093439174902
5582,143636,8.794906822056685
5582,143648,10.13900135521614
5582,143656,4.988184194864601
5582,143660,9.442809901446417
5582,143666,9.827932061667736
5582,143668,5.77178191657708
5582,143916,7.392642737839798
5582,143942,6.730189934288591
5582,145202,11.252102267025522
5582,145204,10.08865390239936
5582,145242,9.640843828153901
5582,145250,5.546746794809741
5582,145262,6.665167378239536
5582,145454,8.053221839804342
5582,145470,7.811095516742143
5582,145498,5.424798180554353
5582,145506,6.211833394800669
5582,145604,8.755163206104529
5582,157845,5.712518968977004
5582,157861,6.395840767333879
5582,157871,5.813382588754921
5582,157877,9.269222696317183
5582,157935,2.983310572589844
5582,161401,6.283880272045613
5582,166459,5.1927883443713885
5582,168327,6.85374354019159
5582,174451,7.862659600123096
5582,174855,12.054697943100699
5582,176569,8.836898041016717
5582,182801,11.851320418775602
5582,183325,11.654633164262313
5582,186901,9.244616142357021
5582,188539,8.237818778255956
5582,193171,11.150519983204921
5582,193207,11.985693747726186
5582,194635,7.784080962414042
5582,196233,12.813578374479773
5582,198941,8.32070601667404
11134,21179,3.7037176557203013
11134,43305,2.4369767759490957
11134,54907,6.951124048414566
11134,61239,7.050169577232684
11134,77405,10.19033908239255
11134,85113,9.905876072642812
11134,99807,0.6564543049270593
11134,101525,2.6189226265954106
11134,108364,4.034487667641349
11134,110979,6.578402082430662
11134,113486,4.721901888206065
11134,128195,9.39720098037225
11134,142718,5.0740244109143475
11134,142720,5.026973145618205
11134,142726,6.445581688694217
11134,142724,5.477678744989179
11134,142734,3.300945947946719
11134,142732,3.4206967363185172
11134,142736,4.155300187719137
11134,142742,1.196078678005563
11134,142744,5.03728849152825
11134,142750,0.5728343056919625
11134,142748,3.6541619095806874
11134,142774,1.7827642772342505
11134,142928,5.560316417615817
11134,142932,5.1426507186181984
11134,143214,6.401555036261974
11134,143216,5.354865555887664
11134,143226,6.664527118471184
11134,143224,7.536230548115494
11134,143242,8.13599136053027
11134,143240,6.06359542256656
11134,143246,3.624062060900272
11134,143248,6.847040693722206
11134,143284,5.39046118147921
11134,143634,6.9110698837149
11134,143636,5.9631483579786755
11134,143648,7.326432014828711
11134,143656,2.726459518921668
11134,143660,7.503130150771316
11134,143666,7.046654904777321
11134,143668,3.0368400422769817
11134,143916,4.803154358415717
11134,143942,3.8889011802789955
11134,145202,8.469174386509273
11134,145204,7.714767321798816
11134,145242,6.787146345087211
11134,145250,2.7769633099429454
11134,145262,3.817827556154079
11134,145454,5.872455695950318
11134,145470,6.433329890747857
11134,145498,3.117107450053008
11134,145506,4.630724024473202
11134,145604,6.314183037722071
11134,157845,3.690623149218634
11134,157861,4.392847461025414
11134,157871,3.628726822355427
11134,157877,8.02769064028659
11134,157935,0.22011084893093674
11134,161401,3.5604487467073405
11134,166459,4.355055452037286
11134,168327,4.361750096377612
11134,174451,5.4851727106198656
11134,174855,9.291297702874829
11134,176569,6.416919314826302
11134,182801,9.698198160220837
11134,183325,8.855881741890647
11134,186901,6.943842583232181
11134,188539,5.42909171204657
11134,193171,8.993984805747457
11134,193207,9.404489781758626
11134,194635,5.3890700814412185
11134,196233,10.415820366129386
11134,198941,6.327140114342272
21179,43305,4.760022540259866
21179,54907,3.2599665809223866
21179,61239,3.3580829163479553
21179,77405,7.226759487287219
21179,85113,7.564820154716347
21179,99807,4.249805684472427
21179,101525,5.16409632012442
21179,108364,7.699950366363955
21179,110979,2.8780299625207397
21179,113486,3.3620260149601564
21179,128195,7.090766187797696
21179,142718,2.2270542113295932
21179,142720,2.166821174158165
21179,142726,3.4005406446138307
21179,142724,3.4365584533504574
21179,142734,4.260691433675515
21179,142732,3.5169862949512303
21179,142736,0.4934096913205724
21179,142742,4.732034266846091
21179,142744,2.2663830367062445
21179,142750,4.275745434996155
21179,142748,0.0573109437565093
21179,142774,2.41242695612297
21179,142928,2.637366018646653
21179,142932,2.372248333347758
21179,143214,5.523728534956658
21179,143216,1.6894552710187023
21179,143226,5.455125049735403
21179,143224,3.8398924301373785
21179,143242,5.041248403422889
21179,143240,2.3694951099503414
21179,143246,4.476994087485502
21179,143248,3.186459591442331
21179,143284,2.7908485314343086
21179,143634,4.05725307911278
21179,143636,3.079221494252871
21179,143648,4.413710243015018
21179,143656,2.3253944229490795
21179,143660,5.239810473677612
21179,143666,3.3457211546973795
21179,143668,0.8563917876260443
21179,143916,1.6581857999040275
21179,143942,1.643271801818737
21179,145202,4.766394700553379
21179,145204,4.614818252253341
21179,145242,3.1765184752175335
21179,145250,2.1951088210492675
21179,145262,1.5401678994615362
21179,145454,3.4747944178381176
21179,145470,5.398019806048066
21179,145498,2.123058319332394
21179,145506,3.9570611515913403
21179,145604,3.2392195897978797
21179,157845,2.7886286010529644
21179,157861,3.027244629552108
21179,157871,2.410073580327855
21179,157877,6.846867270492443
21179,157935,3.6511682936531096
21179,161401,2.4457419709018877
21179,166459,4.960770973840077
21179,168327,1.724510361568206
21179,174451,2.732630502544192
21179,174855,6.482165641768444
21179,176569,3.372781562170498
21179,182801,6.826351606646205
21179,183325,5.152668720105104
21179,186901,4.073042376536197
21179,188539,1.7266649940951464
21179,193171,7.949936274270192
21179,193207,5.887677934528301
21179,194635,2.619431338789925
21179,196233,7.1295774005680865
21179,198941,4.202714405424238
43305,54907,7.858927162473732
43305,61239,7.949814877680911
43305,77405,9.612506110537307
43305,85113,8.84574508903443
43305,99807,2.0169775464351316
43305,101525,0.4254275969499062
43305,108364,3.89554705430147
43305,110979,7.445244491550465
43305,113486,3.857110771848596
43305,128195,8.34855900276016
43305,142718,6.7179219302810615
43305,142720,5.0542494317055295
43305,142726,8.046429648879435
43305,142724,4.814158132187616
43305,142734,1.4969602501597576
43305,142732,2.230534896437635
43305,142736,5.251686052344757
43305,142742,1.8075460940910706
43305,142744,6.71306810822855
43305,142750,2.376261568218636
43305,142748,4.731846360105994
43305,142774,3.8722938770829245
43305,142928,5.4940837985893545
43305,142932,5.0730066317648035
43305,143214,4.8063412047964835
43305,143216,6.072339830648268
43305,143226,5.219981774871801
43305,143224,8.394376402783687
43305,143242,7.83584004824254
43305,143240,6.804685173479669
43305,143246,1.7231434067442042
43305,143248,7.858098598645132
43305,143284,5.1319572313994755
43305,143634,8.62789255203186
43305,143636,7.634757557963797
43305,143648,9.021829170796074
43305,143656,2.624366965104569
43305,143660,6.610532603640812
43305,143666,7.771623317734195
43305,143668,3.9063947950011007
43305,143916,5.1003057890321095
43305,143942,5.636950807121873
43305,145202,9.156468185199397
43305,145204,7.461488116028136
43305,145242,7.898910838797641
43305,145250,4.8311580743831195
43305,145262,5.539606885838329
43305,145454,5.3533562874052425
43305,145470,4.923555248434716
43305,145498,3.0239921939228616
43305,145506,3.3477818502035466
43305,145604,6.2230565014244865
43305,157845,3.051048466224714
43305,157861,3.6719287654402923
43305,157871,3.254046070925551
43305,157877,6.402571687099649
43305,157935,2.6560177644143654
43305,161401,5.628886026774744
43305,166459,2.350355167131952
43305,168327,4.480144135043645
43305,174451,5.310965132123314
43305,174855,11.073738162899199
43305,176569,6.282715795209276
43305,182801,9.069112979108539
43305,183325,9.595702360289128
43305,186901,6.585073231978318
43305,188539,6.340464413947401
43305,193171,11.33083876906765
43305,193207,9.517584917906442
43305,194635,5.251628978985933
43305,196233,10.160143130445098
43305,198941,5.524189743649734
54907,61239,0.09975590342312586
54907,77405,5.807973526333271
54907,85113,7.020058524420949
54907,99807,7.509021619602306
54907,101525,8.278790168080379
54907,108364,10.95960336482292
54907,110979,0.41881035674212924
54907,113486,5.189211466368393
54907,128195,6.677176489337681
54907,142718,2.799109744032731
54907,142720,3.296057437821807
54907,142726,2.4384005501289985
54907,142724,4.6014889802026895
54907,142734,7.04285590912066
54907,142732,6.15327883248692
54907,142736,2.7959898335180746
54907,142742,7.9913652557073265
54907,142744,2.903630787022999
54907,142750,7.523958233871113
54907,142748,3.3060191209275933
54907,142774,5.475570944311176
54907,142928,3.223384122180539
54907,142932,3.4275842709407125
54907,143214,6.949074406622927
54907,143216,1.800704256588251
54907,143226,6.620773041696083
54907,143224,0.5908049168892328
54907,143242,3.8876336600442065
54907,143240,1.1047003798978967
54907,143246,7.1721788298234435
54907,143248,0.34352588877921053
54907,143284,3.721902803284482
54907,143634,3.0244139114353183
54907,143636,2.698559244069553
54907,143648,3.085435807959812
54907,143656,5.252442756506459
54907,143660,5.352203252548131
54907,143666,0.5889735172643946
54907,143668,4.038477221860596
54907,143916,2.9498780372157545
54907,143942,3.6303327022166068
54907,145202,1.618666477539126
54907,145204,3.609961228486729
54907,145242,0.6795664174108429
54907,145250,4.8602405945962
54907,145262,3.6231217848312895
54907,145454,4.203033273863935
54907,145470,6.7285192394626545
54907,145498,4.89568455219168
54907,145506,6.0166319106209905
54907,145604,3.0592056549876308
54907,157845,5.225163147541262
54907,157861,5.0263087421186405
54907,157871,4.8739317901154395
54907,157877,7.7130655542443884
54907,157935,6.8837102313723895
54907,161401,4.580392440853885
54907,166459,7.446842463069104
54907,168327,3.5902561689091668
54907,174451,3.4981824130612607
54907,174855,4.690603993492724
54907,176569,3.157488547736662
54907,182801,5.632635204717501
54907,183325,1.9354503485636871
54907,186901,3.759487317582462
54907,188539,1.54319761005034
54907,193171,8.009164437488066
54907,193207,3.479524225696062
54907,194635,3.455319039350059
54907,196233,5.114562536919415
54907,198941,4.887812789141465
61239,77405,5.770455968117153
61239,85113,7.0082546228511395
61239,99807,7.607388844634649
61239,101525,8.370017037253774
61239,108364,11.057889123591508
61239,110979,0.5052240506164203
61239,113486,5.254322038197629
61239,128195,6.670867973573685
61239,142718,2.8844415131845267
61239,142720,3.3621479207979745
61239,142726,2.48818306830463
61239,142724,4.6539855464294835
61239,142734,7.125613783885723
61239,142732,6.233898098058493
61239,142736,2.894949173918739
61239,142742,8.089166901447507
61239,142744,2.988605773251627
61239,142750,7.623002392973943
61239,142748,3.4043141170371167
61239,142774,5.575240097213024
61239,142928,3.2765198831164546
61239,142932,3.4898617077134406
61239,143214,6.9968668559502145
61239,143216,1.8870841975815844
61239,143226,6.662523206899528
61239,143224,0.4910850528010359
61239,143242,3.87186701668601
61239,143240,1.182195304722156
61239,143246,7.25253447216328
61239,143248,0.39734022836044
61239,143284,3.777014496224739
61239,143634,3.0603435679433457
61239,143636,2.7626640165876006
61239,143648,3.1084819804264963
61239,143656,5.341346874433896
61239,143660,5.369116747800217
61239,143666,0.5733560165965526
61239,143668,4.13436758232968
61239,143916,3.0258578661142175
61239,143942,3.7261595051354477
61239,145202,1.5228311113191892
61239,145204,3.602988445679672
61239,145242,0.7252708160268466
61239,145250,4.958134876911561
61239,145262,3.719743601273905
61239,145454,4.2472892652833965
61239,145470,6.77444034982499
61239,145498,4.9822701361406905
61239,145506,6.08390239728228
61239,145604,3.091263460031655
61239,157845,5.30381400792977
61239,157861,5.0962134222774855
61239,157871,4.9544685800927155
61239,157877,7.742759806560832
61239,157935,6.983068404149834
61239,161401,4.674057813161796
61239,166459,7.521400056676514
61239,168327,3.6680994957028044
61239,174451,3.551909545136216
61239,174855,4.678940041119139
61239,176569,3.1865141568271653
61239,182801,5.603951399606118
61239,183325,1.8360415310118283
61239,186901,3.776231003986927
61239,188539,1.63963946066661
61239,193171,8.049244715806575
61239,193207,3.4132018887367663
61239,194635,3.511559826640112
61239,196233,5.057331731623822
61239,198941,4.925042425770905
77405,85113,2.0922649762288237
77405,99807,10.469565258571812
77405,101525,9.991389272378724
77405,108364,13.480961193680509
77405,110979,5.745143473816239
77405,113486,5.760274327470978
77405,128195,2.18213567659899
77405,142718,8.243882034995819
77405,142720,5.239293803113505
77405,142726,8.235739087915615
77405,142724,4.828948486258885
77405,142734,8.17663550101026
77405,142732,7.3849491891987755
77405,142736,7.07474423126765
77405,142742,10.746872549261315
77405,142744,8.347058510960785
77405,142750,10.673630804034438
77405,142748,7.282132968056365
77405,142774,9.516001184982704
77405,142928,4.701848729456088
77405,142932,5.088605313854855
77405,143214,5.569607792237185
77405,143216,5.828729951753588
77405,143226,5.001755932488678
77405,143224,5.594233042290625
77405,143242,2.1902981214534782
77405,143240,5.56511123170024
77405,143246,8.061077199006213
77405,143248,6.150950610209428
77405,143284,4.802564902798445
77405,143634,8.830762018981613
77405,143636,8.429096561281526
77405,143648,8.86218624202917
77405,143656,7.50683895041546
77405,143660,3.087247300684147
77405,143666,5.226555436777016
77405,143668,7.431827650362082
77405,143916,5.619763614548456
77405,143942,8.566974766588148
77405,145202,4.9732748261365085
77405,145204,2.612952723719854
77405,145242,6.487439649738761
77405,145250,9.419017953433995
77405,145262,8.501277716956878
77405,145454,4.348059271252223
77405,145470,5.3225781530553675
77405,145498,7.089559437637571
77405,145506,6.321192807688892
77405,145604,4.004279679066437
77405,157845,6.6755181307609766
77405,157861,5.986552110360601
77405,157871,6.620447417760747
77405,157877,4.909518156613182
77405,157935,10.247977696968286
77405,161401,9.535293310159018
77405,166459,7.7807938667975804
77405,168327,5.888100833792543
77405,174451,4.726992435962766
77405,174855,10.148039857421018
77405,176569,3.877945696682378
77405,182801,0.5620551451249266
77405,183325,5.215392755100776
77405,186901,3.258318531476079
77405,188539,6.1954128130672
77405,193171,13.816797546314872
77405,193207,2.792214456245851
77405,194635,4.830712521469152
77405,196233,1.4088322067424226
77405,198941,4.089877155375345
85113,99807,10.05924792119971
85113,101525,9.17690320746477
85113,108364,12.734350008877879
85113,110979,6.846650595232916
85113,113486,5.197615704244139
85113,128195,0.5088637383382416
85113,142718,9.044661557736148
85113,142720,5.404407868666744
85113,142726,9.329013132901514
85113,142724,4.454454383920781
85113,142734,7.351243869769651
85113,142732,6.7123038627541565
85113,142736,7.548514243946504
85113,142742,10.240469551302036
85113,142744,9.139688302056163
85113,142750,10.317762045972886
85113,142748,7.61397600153389
85113,142774,9.59681628633792
85113,142928,4.931642035133876
85113,142932,5.206670430036647
85113,143214,4.255266879146395
85113,143216,6.511769292006223
85113,143226,3.72825478377107
85113,143224,6.956240659876457
85113,143242,3.14152233438683
85113,143240,6.477424591091885
85113,143246,7.164286903095942
85113,143248,7.346308416245051
85113,143284,4.812618481852355
85113,143634,9.989882320395312
85113,143636,9.418130928452184
85113,143648,10.096471504543654
85113,143656,7.184976905426743
85113,143660,2.41916975209517
85113,143666,6.435392687351311
85113,143668,7.53154265266679
85113,143916,5.9105977719719025
85113,143942,9.100936049570336
85113,145202,6.564111269582517
85113,145204,3.4166192272265152
85113,145242,7.674408791234654
85113,145250,9.718093096021711
85113,145262,9.016389572359827
85113,145454,4.173240908369414
85113,145470,4.055922929199734
85113,145498,6.822123852913637
85113,145506,5.508557084948632
85113,145604,4.442136129110508
85113,157845,6.220470268652331
85113,157861,5.514152402107797
85113,157871,6.288046678075569
85113,157877,3.1574244362831023
85113,157935,10.005776480276145
85113,161401,9.999704996298092
85113,166459,6.725547174369189
85113,168327,5.9545389466250045
85113,174451,4.837768006583616
85113,174855,11.620504557827262
85113,176569,4.303500985315613
85113,182801,1.7679759432172288
85113,183325,6.887968418477989
85113,186901,3.564427661748885
85113,188539,6.972711108227719
85113,193171,14.880612183724294
85113,193207,4.627410152849335
85113,194635,4.951471573614159
85113,196233,3.4921083861100533
85113,198941,3.592212521048083
99807,101525,2.1171670346001896
99807,108364,3.4508251287004152
99807,110979,7.127183088542832
99807,113486,4.862680366152794
99807,128195,9.550759608943613
99807,142718,5.715411521994332
99807,142720,5.3911340662797125
99807,142726,7.087506715645644
99807,142724,5.687638149112499
99807,142734,3.125104933976018
99807,142732,3.421538506686588
99807,142736,4.716499105013158
99807,142742,0.5399859140655341
99807,142744,5.6811723099183675
99807,142750,0.3598487232626002
99807,142748,4.203100226202301
99807,142774,2.4383559718248526
99807,142928,5.913576254940116
99807,142932,5.4873636797193175
99807,143214,6.369210510524746
99807,143216,5.8658967098956944
99807,143226,6.681414467868195
99807,143224,8.08968664761186
99807,143242,8.466915744139532
99807,143240,6.5866655172356525
99807,143246,3.435466242843011
99807,143248,7.42023991559615
99807,143284,5.69662922062358
99807,143634,7.561688186629792
99807,143636,6.60929486971909
99807,143648,7.976389167077952
99807,143656,2.9628027166047777
99807,143660,7.683400669827166
99807,143666,7.57499585208027
99807,143668,3.527322063614357
99807,143916,5.221604376667328
99807,143942,4.533898003996289
99807,145202,8.999524448556642
99807,145204,8.052735746443187
99807,145242,7.374691994386018
99807,145250,3.433411130976784
99807,145262,4.460206305954916
99807,145454,6.125270319379984
99807,145470,6.427742060167099
99807,145498,3.3844111048089824
99807,145506,4.656790351898088
99807,145604,6.673208439904206
99807,157845,3.8511281907302948
99807,157861,4.560632889699913
99807,157871,3.8533657410740596
99807,157877,8.000802688469214
99807,157935,0.8407136499791601
99807,161401,4.216213774794187
99807,166459,4.154704670988324
99807,168327,4.730648208719922
99807,174451,5.812619801388913
99807,174855,9.946331396174577
99807,176569,6.767684564114036
99807,182801,9.96219515615918
99807,183325,9.396733818077006
99807,186901,7.249740881475698
99807,188539,5.975225742939605
99807,193171,9.59092054667328
99807,193207,9.832938341175584
99807,194635,5.723157027824968
99807,196233,10.771038895778647
99807,198941,6.516310965569058
101525,108364,3.5584304997975393
101525,110979,7.865677867081326
101525,113486,4.24535968172711
101525,128195,8.683221902163712
101525,142718,7.090300908650677
101525,142720,5.477332099141048
101525,142726,8.4273479144128
101525,142724,5.208284316619983
101525,142734,1.8323213939612544
101525,142732,2.6221991602097097
101525,142736,5.656652816858822
101525,142742,1.8045261245961355
101525,142744,7.082241327243049
101525,142750,2.466558075989211
101525,142748,5.134566784179352
101525,142774,4.16221691910053
101525,142928,5.913904716220528
101525,142932,5.493945844734687
101525,143214,5.081981897703448
101525,143216,6.494221115218678
101525,143226,5.518556807026914
101525,143224,8.816092824920608
101525,143242,8.238887469718227
101525,143240,7.2271804823820744
101525,143246,2.017717969942642
101525,143248,8.274660150135999
101525,143284,5.546546586335416
101525,143634,8.99889142393201
101525,143636,8.007712660691576
101525,143648,9.395955757282294
101525,143656,3.0488764535721855
101525,143660,6.971926637164327
101525,143666,8.19535695069654
101525,143668,4.312792796762043
101525,143916,5.525733191221288
101525,143942,5.992666851685243
101525,145202,9.581344467028991
101525,145204,7.86810843634688
101525,145242,8.31154294473572
101525,145250,5.138498259654109
101525,145262,5.897579518502867
101525,145454,5.753452152515674
101525,145470,5.214045236721902
101525,145498,3.4494068010206416
101525,145506,3.699842316873035
101525,145604,6.640094987947084
101525,157845,3.464406809553645
101525,157861,4.073194465221262
101525,157871,3.6751959703609804
101525,157877,6.65563492132699
101525,157935,2.8387859537819478
101525,161401,5.939657190219256
101525,166459,2.578810083304898
101525,168327,4.905280425342466
101525,174451,5.727982468412569
101525,174855,11.441893768230377
101525,176569,6.698035917553667
101525,182801,9.445152307342886
101525,183325,10.020193288347986
101525,186901,6.988833873585725
101525,188539,6.75752179773189
101525,193171,11.583113834677889
101525,193207,9.935734025130273
101525,194635,5.670075466320323
101525,196233,10.560691221839313
101525,198941,5.9015170937498835
108364,110979,10.576341268543105
108364,113486,7.721704714766962
108364,128195,12.239476800749497
108364,142718,9.059633990125237
108364,142720,8.662430895820576
108364,142726,10.422514071547877
108364,142724,8.657812438908753
108364,142734,5.3842098337121795
108364,142732,6.1017935554196425
108364,142736,8.16724275978911
108364,142742,2.9788315107298917
108364,142744,9.013424773352856
108364,142750,3.4683767489500195
108364,142748,7.653587852908905
108364,142774,5.729892520003427
108364,142928,9.156551186713097
108364,142932,8.725715428850103
108364,143214,8.619338319632122
108364,143216,9.299644994510937
108364,143226,9.071172817626005
108364,143224,11.539540908925797
108364,143242,11.624039447210246
108364,143240,10.025984284113466
108364,143246,5.575353921709437
108364,143248,10.869997145984206
108364,143284,8.862520910198077
108364,143634,10.833400437974094
108364,143636,9.92267703652432
108364,143648,11.251960001774354
108364,143656,6.147808299969218
108364,143660,10.503086191375148
108364,143666,11.015796863889886
108364,143668,6.959675686322129
108364,143916,8.570936397539887
108364,143942,7.8690125760946374
108364,145202,12.439988772818369
108364,145204,11.230208219317563
108364,145242,10.818871260266006
108364,145250,6.658803334014449
108364,145262,7.808186115695747
108364,145454,9.171707651310667
108364,145470,8.762473081512573
108364,145498,6.584283371614313
108364,145506,7.243257653185466
108364,145604,9.911769235497731
108364,157845,6.831562605729508
108364,157861,7.501415911393572
108364,157871,6.953801361251517
108364,157877,10.159989724921681
108364,157935,4.138668320800338
108364,161401,7.37216734227269
108364,166459,6.093881908344005
108364,168327,8.023825035148453
108364,174451,9.013722724883616
108364,174855,13.135475585253785
108364,176569,9.99013028884235
108364,182801,12.943561761750269
108364,183325,12.842192952083956
108364,186901,10.376912326440566
108364,188539,9.424323495836738
108364,193171,11.973569861952496
108364,193207,13.155971083861582
108364,194635,8.938012912354754
108364,196233,13.952320009898083
108364,198941,9.40208115535
110979,113486,4.78900271786433
110979,128195,6.483355453116268
110979,142718,2.6490609557395284
110979,142720,2.895609712317005
110979,142726,2.5048555147029217
110979,142724,4.2274920371205855
110979,142734,6.624105829793694
110979,142732,5.735139048343497
110979,142736,2.4259753030084448
110979,142742,7.604082471345695
110979,142744,2.7552051204412633
110979,142750,7.151016037914175
110979,142748,2.9259302314037154
110979,142774,5.140985252921364
110979,142928,2.8505006883898463
110979,142932,3.034101529234213
110979,143214,6.584083404788741
110979,143216,1.3823836161845562
110979,143226,6.271279337847868
110979,143224,0.9652227339387248
110979,143242,3.741069297328085
110979,143240,0.6914910911802848
110979,143246,6.754128293856416
110979,143248,0.5746204198954603
110979,143284,3.3432340292933285
110979,143634,3.1451632925704995
110979,143636,2.687582488168839
110979,143648,3.257557089982471
110979,143656,4.836129699759909
110979,143660,5.078876898947704
110979,143666,0.5987695070566394
110979,143668,3.6400951558526695
110979,143916,2.5355660646664435
110979,143942,3.373862430559611
110979,145202,1.9203560640124606
110979,145204,3.430421989557808
110979,145242,0.8558588634668889
110979,145250,4.570545866331866
110979,145262,3.356287304416821
110979,145454,3.8502797108426754
110979,145470,6.36827214858761
110979,145498,4.4775707754153125
110979,145506,5.612578045423965
110979,145604,2.745954041125759
110979,157845,4.8081343824958
110979,157861,4.618647467661421
110979,157871,4.455873211040902
110979,157877,7.396212500447721
110979,157935,6.517143792049235
110979,161401,4.344732085111016
110979,166459,7.033093716274441
110979,168327,3.1740234534272167
110979,174451,3.1231923520577234
110979,174855,4.9730445564822086
110979,176569,2.8531971169667214
110979,182801,5.531665331932825
110979,183325,2.280556195131022
110979,186901,3.4923288099510135
110979,188539,1.152022254011998
110979,193171,8.091422057732174
110979,193207,3.5695283948161642
110979,194635,3.074602829325019
110979,196233,5.147992580224431
110979,198941,4.55290990732288
113486,128195,4.688907302406127
113486,142718,5.51491336229124
113486,142720,1.8935215125513383
113486,142726,6.468178776820537
113486,142724,0.9731214597850254
113486,142734,2.468866483170736
113486,142732,1.6266828979940484
113486,142736,3.644441094869819
113486,142742,5.064473950957264
113486,142744,5.5718808336059364
113486,142750,5.120735763685756
113486,142748,3.3854229870459873
113486,142774,4.689043126737948
113486,142928,2.065550922951199
113486,142932,1.770077806329322
113486,143214,2.1655959089742853
113486,143216,3.533655939358802
113486,143226,2.168967886393866
113486,143224,5.5793822421055745
113486,143242,4.02339489635623
113486,143240,4.1019130149506555
113486,143246,2.422407695877769
113486,143248,5.337041543934103
113486,143284,1.5739753477267757
113486,143634,7.176500349222209
113486,143636,6.269702382516519
113486,143648,7.470869092005321
113486,143656,2.0336601009028357
113486,143660,2.829734669281868
113486,143666,4.867886507473788
113486,143668,2.8768228037027797
113486,143916,2.3159084342433727
113486,143942,4.979547656557783
113486,145202,6.047363856283045
113486,145204,3.6778536207820522
113486,145242,5.521820725855413
113486,145250,5.098511583018322
113486,145262,4.871139120216458
113486,145454,1.5431252412439944
113486,145470,2.0595219930039557
113486,145498,1.7412590978688716
113486,145506,0.8443385429484718
113486,145604,2.6356445069198555
113486,157845,1.0326840561933597
113486,157861,0.37211828241147166
113486,157871,1.1951417228850767
113486,157877,3.596419431234347
113486,157935,4.834345589091606
113486,161401,5.6263786358634045
113486,166459,2.410114935421902
113486,168327,1.7823273234722303
113486,174451,1.8032267898694734
113486,174855,9.473792579728894
113486,176569,2.6506463548801618
113486,182801,5.2218898361386765
113486,183325,6.510591674681468
113486,186901,2.7863345527925873
113486,188539,4.011668378356077
113486,193171,11.309868325327612
113486,193207,5.864659643308744
113486,194635,1.802969545116787
113486,196233,6.329562909065385
113486,198941,1.6859042779538145
128195,142718,8.618089057888724
128195,142720,4.9264084992702095
128195,142726,8.948363736572164
128195,142724,3.948886324579121
128195,142734,6.855433802891056
128195,142732,6.207661632891066
128195,142736,7.087997076518937
128195,142742,9.73365668300611
128195,142744,8.711592570011824
128195,142750,9.808942563925998
128195,142748,7.139168848707132
128195,142774,9.099399521189333
128195,142928,4.463893887977866
128195,142932,4.726077553419957
128195,143214,3.801322539911157
128195,143216,6.083230480839328
128195,143226,3.2628813472208025
128195,143224,6.647059547850656
128195,143242,2.8362571840128097
128195,143240,6.083928777845405
128195,143246,6.673217577525876
128195,143248,6.9972367366459505
128195,143284,4.326310498191286
128195,143634,9.618797879818944
128195,143636,9.018926605201242
128195,143648,9.739920905302787
128195,143656,6.676721809293169
128195,143660,1.9155642537744628
128195,143666,6.097591609393676
128195,143668,7.039111926099638
128195,143916,5.440642247370209
128195,143942,8.640991904521155
128195,145202,6.31885756731407
128195,145204,3.067879956193995
128195,145242,7.3211492172182
128195,145250,9.234765546896936
128195,145262,8.554696020677797
128195,145454,3.678951372227626
128195,145470,3.5924740975639446
128195,145498,6.315100811425156
128195,145506,5.007797875170924
128195,145604,4.005263084485032
128195,157845,5.711607179298932
128195,157861,5.005336603191328
128195,157871,5.780251104661432
128195,157877,2.81524965046128
128195,157935,9.497485354333469
128195,161401,9.530221837922806
128195,166459,6.248125448111832
128195,168327,5.465444307201814
128195,174451,4.359618738586206
128195,174855,11.313550038429733
128195,176569,3.8675053591894
128195,182801,1.7497987702568274
128195,183325,6.664602796899069
128195,186901,3.1294083927443115
128195,188539,6.5540120628066365
128195,193171,14.48003186770215
128195,193207,4.493614709585511
128195,194635,4.4731872892601725
128195,196233,3.529009344110483
128195,198941,3.086061799506324
142718,142720,3.971448488058378
142718,142726,1.3721165581881534
142718,142724,5.406571300278625
142718,142734,6.4288365636662945
142718,142732,5.730263643301573
142718,142736,1.871990009931338
142718,142742,6.249656559219675
142718,142744,0.10622094318549727
142718,142750,5.6154300101480406
142718,142748,2.2232325452927606
142718,142774,3.329760621440594
142718,142928,4.279503292237624
142718,142932,4.182148863219165
142718,143214,7.64648136601749
142718,143216,2.5348661788242577
142718,143226,7.511613609506244
142718,143224,3.3225350055178606
142718,143242,6.114036874223981
142718,143240,2.679587362506755
142718,143246,6.6652848722224105
142718,143248,2.5157957711060286
142718,143284,4.610757232291005
142718,143634,1.9101566598876234
142718,143636,0.917445012499008
142718,143648,2.3059800794973344
142718,143656,4.5002461369900315
142718,143660,6.923862567896911
142718,143666,3.2459147619666004
142718,143668,2.9986651823459254
142718,143916,3.4110335761705675
142718,143942,1.190664425303773
142718,145202,4.377360723126071
142718,145204,5.735248547289941
142718,145242,2.273487039444873
142718,145250,2.4443563844508
142718,145262,1.256294596910181
142718,145454,5.287394304585204
142718,145470,7.495768338424967
142718,145498,4.341091059229747
142718,145506,6.163835710876817
142718,145604,4.6147075273613805
142718,157845,5.014024136928629
142718,157861,5.203277054952629
142718,157871,4.633548417364789
142718,157877,8.850103426051403
142718,157935,4.938970303380401
142718,161401,1.917617804224348
142718,166459,7.178171737560111
142718,168327,3.762458491966784
142718,174451,4.473285077643687
142718,174855,4.357637191403817
142718,176569,4.751693457581983
142718,182801,7.958005936454336
142718,183325,4.607559443632992
142718,186901,5.488777562724605
142718,188539,2.079471767627443
142718,193171,5.934294626824055
142718,193207,6.218306607738152
142718,194635,4.373451283960193
142718,196233,7.7708894853152515
142718,198941,6.0531738554934655
142720,142726,4.7294231859545395
142720,142724,1.459707984746328
142720,142734,3.951899967211393
142720,142732,3.028439403259303
142720,142736,2.221966103091779
142720,142742,5.749573257079557
142720,142744,4.047803593623827
142720,142750,5.546706039179644
142720,142748,2.2141370918940892
142720,142774,4.290445959238741
142720,142928,0.539550380694904
142720,142932,0.21335676587829508
142720,143214,3.8005717971615094
142720,143216,1.6852572234708483
142720,143226,3.584722853575641
142720,143224,3.6996367152248393
142720,143242,3.119946846053967
142720,143240,2.2096385619414716
142720,143246,4.0198506398778475
142720,143248,3.446260843741697
142720,143284,0.6457614547809559
142720,143634,5.4454579623092885
142720,143636,4.607286459549229
142720,143648,5.704220992778582
142720,143656,2.516719310911936
142720,143660,3.076124280618032
142720,143666,2.9943953302690542
142720,143668,2.1989389701742743
142720,143916,0.561943817279338
142720,143942,3.757804952018933
142720,145202,4.246400180068216
142720,145204,2.6942440163266355
142720,145242,3.6412868240968175
142720,145250,4.317104349284652
142720,145262,3.6642745415418037
142720,145454,1.334712289228457
142720,145470,3.614514952548983
142720,145498,2.081701515741785
142720,145506,2.7221933546695354
142720,145604,1.2872247225768247
142720,157845,2.0828107450620466
142720,157861,1.7454640641962533
142720,157871,1.8080628808824426
142720,157877,4.885005617753999
142720,157935,5.060278831064058
142720,161401,4.611480401801509
142720,166459,4.19799124809639
142720,168327,0.6652422778665192
142720,174451,0.566821129976368
142720,174855,7.657842890263578
142720,176569,1.3920919637084925
142720,182801,4.789373589066749
142720,183325,4.705691868481366
142720,186901,1.9912454295798188
142720,188539,2.1907895076479864
142720,193171,9.898573029554111
142720,193207,4.497630050617196
142720,194635,0.45322121337886806
142720,196233,5.389417489484526
142720,198941,2.092123225050921
142726,142724,6.187743596855291
142726,142734,7.66064030071104
142726,142732,6.905710854065334
142726,142736,2.958753462794131
142726,142742,7.6217461358007
142726,142744,1.4101996348272121
142726,142750,6.985054193530783
142726,142748,3.411241124970384
142726,142774,4.694665370806901
142726,142928,4.910115613980888
142726,142932,4.924431477461315
142726,143214,8.520414647257638
142726,143216,3.0781627762150108
142726,143226,8.311885263829906
142726,143224,2.783851462192259
142726,143242,6.242945249336501
142726,143240,2.8738317821532204
142726,143246,7.8766279444539915
142726,143248,2.0954388125879935
142726,143284,5.32622617155674
142726,143634,0.7161645134640313
142726,143636,0.5271526963617528
142726,143648,1.017806443543955
142726,143656,5.72459077355019
142726,143660,7.423929924973797
142726,143666,3.0109744787887838
142726,143668,4.232642421267234
142726,143916,4.202376235148623
142726,143942,2.558445867220004
142726,145202,3.7554277668792957
142726,145204,5.919849330244649
142726,145242,1.762914029308795
142726,145250,3.7805419769063766
142726,145262,2.6278047915196368
142726,145454,5.9555848818412285
142726,145470,8.341920461943278
142726,145498,5.512516262041814
142726,145506,7.190830464909018
142726,145604,5.051677130547494
142726,157845,6.115284267386265
142726,157861,6.194537047912749
142726,157871,5.730366870107904
142726,157877,9.57175504817655
142726,157935,6.3086840822371535
142726,161401,3.1622563308243263
142726,166459,8.339518495269
142726,168327,4.686105146046602
142726,174451,5.147687136542217
142726,174855,3.0820703741245588
142726,176569,5.177649156620996
142726,182801,8.035426106672546
142726,183325,3.861697780543764
142726,186901,5.8786528630652946
142726,188539,2.5595387870463226
142726,193171,5.587249539232475
142726,193207,5.878992618731513
142726,194635,5.064511822319943
142726,196233,7.542203896816632
142726,198941,6.712919244995821
142724,142734,3.441821484172456
142724,142732,2.5860977853733123
142724,142736,3.5969787910349837
142724,142742,5.933165823438224
142724,142744,5.4783909126724275
142724,142750,5.9194529714297675
142724,142748,3.473720648964441
142724,142774,5.183442665750667
142724,142928,1.3781785884697866
142724,142932,1.2637717823060632
142724,143214,2.3656875673124773
142724,143216,3.127460990404042
142724,143226,2.1250244625563193
142724,143224,4.922059028628
142724,143242,3.0503314356015907
142724,143240,3.568348574373756
142724,143246,3.3913361933938897
142724,143248,4.796724961592096
142724,143284,0.8878453985380529
142724,143634,6.903884027971451
142724,143636,6.0649973580194105
142724,143648,7.157371473452396
142724,143656,2.751558785791492
142724,143660,2.036422483096784
142724,143666,4.206196165521457
142724,143668,3.180480429086794
142724,143916,2.0054278380571002
142724,143942,5.077085311720976
142724,145202,5.272709189286518
142724,145204,2.708552249425194
142724,145242,5.023864977826433
142724,145250,5.429345784981566
142724,145262,4.975709634642933
142724,145454,0.5802191782538015
142724,145470,2.1656500733959247
142724,145498,2.37178519423411
142724,145506,1.7287306875395811
142724,145604,1.7722509264789272
142724,157845,1.8514452450424788
142724,157861,1.1577305425606141
142724,157871,1.8490313452403448
142724,157877,3.445217096401706
142724,157935,5.5662177496084775
142724,161401,5.847370968932645
142724,166459,3.3242602644432067
142724,168327,1.7121301469998051
142724,174451,1.1043211910774253
142724,174855,9.0906439765067
142724,176569,1.7601825670397169
142724,182801,4.301159678911168
142724,183325,5.734688846943131
142724,186901,1.8163949631784073
142724,188539,3.640469887214067
142724,193171,11.315011272431784
142724,193207,4.918631097781047
142724,194635,1.1583918434766185
142724,196233,5.358163945088
142724,198941,0.8634598139519588
142734,142732,0.9244037696014135
142734,142736,4.718530976857267
142734,142742,3.106089474402544
142734,142744,6.447694329882574
142734,142750,3.466128947448383
142734,142748,4.249420257708306
142734,142774,4.200931326901903
142734,142928,4.317611481620523
142734,142932,3.923549629053336
142734,143214,3.334788418670008
142734,143216,5.246334534555287
142734,143226,3.7290110976781223
142734,143224,7.531253930768707
142734,143242,6.491509724093797
142734,143240,5.946471471304478
142734,143246,0.32534125138289294
142734,143248,7.100503744064924
142734,143284,3.8951991046059953
142734,143634,8.307146329364569
142734,143636,7.318659144487266
142734,143648,8.671684715211804
142734,143656,1.9362312618088628
142734,143660,5.142488536057847
142734,143666,6.8604928144776
142734,143668,3.435358404629365
142734,143916,4.129003483428395
142734,143942,5.501652810701971
142734,145202,8.181831611057493
142734,145204,6.139646730859343
142734,145242,7.1986787968510795
142734,145250,5.012597930961125
142734,145262,5.3933513486480855
142734,145454,4.006214276663565
142734,145470,3.43829162515844
142734,145498,2.1879473939004863
142734,145506,1.868625057087455
142734,145604,4.999003817146292
142734,157845,1.8694775392196263
142734,157861,2.3557731536982596
142734,157871,2.1820815921940158
142734,157877,4.950100953659465
142734,157935,3.4918475068607857
142734,161401,5.755140509095402
142734,166459,1.0555199177600987
142734,168327,3.4807531669001035
142734,174451,4.098830039133534
142734,174855,10.741174822762735
142734,176569,5.039047561023371
142734,182801,7.626973534690426
142734,183325,8.636380427765586
142734,186901,5.250234821701406
142734,188539,5.605100198589396
142734,193171,11.614497470212452
142734,193207,8.284378272445375
142734,194635,4.0591400241290305
142734,196233,8.797467829298357
142734,198941,4.089697175834056
142732,142736,3.9472076261562243
142732,142742,3.5410311203004206
142732,142744,5.759520497992885
142732,142750,3.7219424520228013
142732,142748,3.5138660753119364
142732,142774,3.912072018428553
142732,142928,3.395086016115784
142732,142932,2.9992671683782026
142732,143214,2.980980873646442
142732,143216,4.364526873570108
142732,143226,3.261646983396404
142732,143224,6.630238339384487
142732,143242,5.621627456970915
142732,143240,5.052320246345375
142732,143246,1.019216684280455
142732,143248,6.2248977365412825
142732,143284,2.9801760678203606
142732,143634,7.572732481868882
142732,143636,6.59608348968443
142732,143648,7.922435961348284
142732,143656,1.2773289536424108
142732,143660,4.410845988434489
142732,143666,5.952632097271592
142732,143668,2.741725681351713
142732,143916,3.222058504064842
142732,143942,4.896218747088873
142732,145202,7.26319379752642
142732,145204,5.257771453019973
142732,145242,6.338196546498238
142732,145250,4.595409182575688
142732,145262,4.785368962248979
142732,145454,3.134052257118827
142732,145470,3.0171674063246994
142732,145498,1.3944031203967389
142732,145506,1.2363309637241675
142732,145604,4.084026751307044
142732,157845,0.947769125576917
142732,157861,1.4591996678058023
142732,157871,1.2794298470987093
142732,157877,4.607493190144129
142732,157935,3.575858839975599
142732,161401,5.281102312586482
142732,166459,1.4492435082032245
142732,168327,2.5736468609999013
142732,174451,3.1799840779483586
142732,174855,9.986402068650063
142732,176569,4.128300095198646
142732,182801,6.844019282068261
142732,183325,7.718925347977942
142732,186901,4.3735262305252744
142732,188539,4.745912738469405
142732,193171,11.143106740679558
142732,193207,7.375294403847752
142732,194635,3.1377046618242863
142732,196233,7.940200126967201
142732,198941,3.3005593545506358
142736,142742,5.2061398111221635
142736,142744,1.9274418823539585
142736,142750,4.728124367359875
142736,142748,0.5282293684511662
142736,142774,2.7614407396028797
142736,142928,2.6287687655229615
142736,142932,2.4349420233014234
142736,143214,5.784880310534733
142736,143216,1.3492403451106103
142736,143226,5.673160534135767
142736,143224,3.381077751051311
142736,143242,4.884619212312366
142736,143240,1.9677727024645215
142736,143246,4.924244672661204
142736,143248,2.7066124757981003
142736,143284,2.866424685160052
142736,143634,3.6332889633121153
142736,143636,2.6732459439569474
142736,143648,3.9759677495673755
142736,143656,2.789009162887366
142736,143660,5.282860993750857
142736,143666,2.921513140145699
142736,143668,1.345737212631811
142736,143916,1.6691691092017173
142736,143942,1.552994862687719
142736,145202,4.332448555873372
142736,145204,4.46569582222657
142736,145242,2.6866653241828575
142736,145250,2.3825404312950993
142736,145262,1.4680731966257885
142736,145454,3.5562846892406816
142736,145470,5.64182638898663
142736,145498,2.554944595594033
142736,145506,4.296673117836228
142736,145604,3.143673854660521
142736,157845,3.170803925694624
142736,157861,3.331327065408533
142736,157871,2.78678622155629
142736,157877,7.038041191439773
142736,157935,4.091247340735867
142736,161401,2.4742623325184803
142736,166459,5.381505080559593
142736,168327,1.9105250624719434
142736,174451,2.769729270235297
142736,174855,6.039239880814549
142736,176569,3.281448346877969
142736,182801,6.702114275719571
142736,183325,4.70625718530999
142736,186901,4.006907443316226
142736,188539,1.2850873831168874
142736,193171,7.721833901256748
142736,193207,5.573235812754638
142736,194635,2.6603786039899684
142736,196233,6.8880515405737786
142736,198941,4.308542298619574
142742,142744,6.216668671800398
142742,142750,0.771494107525016
142742,142748,4.687191388986095
142742,142774,2.9783350268961586
142742,142928,6.26127321721289
142742,142932,5.831643706852926
142742,143214,6.419719078808897
142742,143216,6.320831443582343
142742,143226,6.769596077323773
142742,143224,8.568415166295848
142742,143242,8.788079911014538
142742,143240,7.0476726909643475
142742,143246,3.396136998419194
142742,143248,7.912627425247996
142742,143284,6.012248371221501
142742,143634,8.100136326332972
142742,143636,7.145746482873004
142742,143648,8.514527066546972
142742,143656,3.2663629762612865
142742,143660,7.894208329674192
142742,143666,8.037674733342346
142742,143668,3.981021712413806
142742,143916,5.618069754114015
142742,143942,5.070194385544001
142742,145202,9.46165449767258
142742,145204,8.380360114565772
142742,145242,7.876298013668839
142742,145250,3.9729160955284337
142742,145262,4.995320992572191
142742,145454,6.39932687240709
142742,145470,6.4996116247525455
142742,145498,3.6993520135439173
142742,145506,4.772532942994018
142742,145604,7.021236035992705
142742,157845,4.082351283798578
142742,157861,4.786379520886256
142742,157871,4.130579461524126
142742,157877,8.045563898009567
142742,157935,1.3733425414791303
142742,161401,4.7541961515751865
142742,166459,4.089244046958678
142742,168327,5.0970969510118325
142742,174451,6.1426551712903
142742,174855,10.48626574418857
142742,176569,7.109398190427626
142742,182801,10.229120826208039
142742,183325,9.865620768334148
142742,186901,7.556851929778114
142742,188539,6.4524739122354475
142742,193171,10.076699520136998
142742,193207,10.222151194739121
142742,194635,6.058452440061557
142742,196233,11.10490637522161
142742,198941,6.740294760870554
142744,142750,5.575117652223747
142744,142748,2.2600388481958524
142744,142774,3.284693295867177
142744,142928,4.363232519805721
142744,142932,4.259070349748806
142744,143214,7.708413557361964
142744,143216,2.628610004312503
142744,143226,7.579642637986565
142744,143224,3.424959372234961
142744,143242,6.215166189242165
142744,143240,2.783316850111673
142744,143246,6.6876643181951785
142744,143248,2.6187003781264124
142744,143284,4.688562046237218
142744,143634,1.9171109017736967
142744,143636,0.9332658434065411
142744,143648,2.319283602789038
142744,143656,4.522786039942073
142744,143660,7.01100655656983
142744,143666,3.351979608424234
142744,143668,3.0229377800569335
142744,143916,3.486673616767743
142744,143942,1.1487062968189832
142744,145202,4.479389785689035
142744,145204,5.8352190468949505
142744,145242,2.373426678604732
142744,145250,2.3844673032138433
142744,145262,1.2215167688112598
142744,145454,5.367067164023609
142744,145470,7.560160841219117
142744,145498,4.37308784473766
142744,145506,6.212218420039169
142744,145604,4.707352244583059
142744,157845,5.054973225759697
142744,157861,5.2568633193377785
142744,157871,4.6757524213274255
142744,157877,8.922912844192629
142744,157935,4.898810087127255
142744,161401,1.8357765691097467
142744,166459,7.208233214876739
142744,168327,3.8259421276688315
142744,174451,4.553997322415693
142744,174855,4.360682257582577
142744,176569,4.844585537410224
142744,182801,8.059504061749063
142744,183325,4.706567323874484
142744,186901,5.582184702252763
142744,188539,2.1780456433817306
142744,193171,5.853472195018933
142744,193207,6.324487460612925
142744,194635,4.453327427527513
142744,196233,7.87681164495188
142744,198941,6.1323549274086036
142750,142748,4.22639691217018
142750,142774,2.2978372810407426
142750,142928,6.075915227857093
142750,142932,5.653870311301006
142750,143214,6.684542876895582
142750,143216,5.922822653955268
142750,143226,6.983511562404332
142750,143224,8.109026625342366
142750,143242,8.643543040435821
142750,143240,6.633707067347124
142750,143246,3.7794554061762984
142750,143248,7.419296581988912
142750,143284,5.883691870611074
142750,143634,7.43353379078113
142750,143636,6.496241139662589
142750,143648,7.850341433298074
142750,143656,3.1750964642296124
142750,143660,7.929795044991405
142750,143666,7.617632687917332
142750,143668,3.598312144764382
142750,143916,5.344444496278664
142750,143942,4.426608367502963
142750,145202,9.040543779235197
142750,145204,8.22530681156039
142750,145242,7.357579403831924
142750,145250,3.2728446764933006
142750,145262,4.3596107898229945
142750,145454,6.338700170680636
142750,145470,6.735964982730696
142750,145498,3.5847472184131686
142750,145506,4.953230031103237
142750,145604,6.833084995583476
142750,157845,4.09891321431055
142750,157861,4.807591775543005
142750,157871,4.074711108350638
142750,157877,8.316037185659505
142750,157935,0.6764620521472806
142750,161401,4.037838177271365
142750,166459,4.501797094800722
142750,168327,4.882513129372098
142750,174451,5.988821203394516
142750,174855,9.795038234511129
142750,176569,6.9322674133204085
142750,182801,10.173355694039758
142750,183325,9.428184957432128
142750,186901,7.438608383471789
142750,188539,6.001466013715285
142750,193171,9.30524662997763
142750,193207,9.952039533858503
142750,194635,5.895714940387038
142750,196233,10.935291187161587
142750,198941,6.757928722659022
142748,142774,2.3554594166474976
142748,142928,2.687896752328965
142748,142932,2.4187141706547486
142748,143214,5.548530697426676
142748,143216,1.7448279349537894
142748,143226,5.485086427631599
142748,143224,3.8869777844510365
142748,143242,5.096964372874674
142748,143240,2.4222309764770356
142748,143246,4.468851095884876
142748,143248,3.228747923153442
142748,143284,2.835834608617108
142748,143634,4.0635231172862705
142748,143636,3.0826346329167893
142748,143648,4.422891551487806
142748,143656,2.3133577731207153
142748,143660,5.285611716148538
142748,143666,3.3970163132776134
142748,143668,0.8332528729877421
142748,143916,1.7092036753616309
142748,143942,1.61022482715225
142748,145202,4.816973932745709
142748,145204,4.670380339115728
142748,145242,3.214514771308537
142748,145250,2.1407826733393964
142748,145262,1.5059208845436338
142748,145454,3.518680592078076
142748,145470,5.425008258810958
142748,145498,2.1210072924571297
142748,145506,3.971536746360068
142748,145604,3.2933539532617675
142748,157845,2.7967113403434634
142748,157861,3.0480035155409393
142748,157871,2.419765761918418
142748,157877,6.879309901210144
142748,157935,3.600014642312654
142748,161401,2.40038127441913
142748,166459,4.959238312709995
142748,168327,1.7622364116707483
142748,174451,2.7803398091696874
142748,174855,6.492015964464786
142748,176569,3.4266934726271905
142748,182801,6.880813400117884
142748,183325,5.201790490646072
142748,186901,4.1256015904299
142748,188539,1.7752084760525304
142748,193171,7.924924388173255
142748,193207,5.944606866611571
142748,194635,2.6670211046553294
142748,196233,7.186765813975703
142748,198941,4.244173194312661
142774,142928,4.821213927423813
142774,142932,4.460395877785626
142774,143214,6.714541629120179
142774,143216,4.089653258742387
142774,143226,6.835761604103632
142774,143224,6.066293473723944
142774,143242,7.356331465749644
142774,143240,4.728669651989174
142774,143246,4.513331373307445
142774,143248,5.321348494247111
142774,143284,4.812006835317106
142774,143634,5.1359168392394965
142774,143636,4.200796738238896
142774,143648,5.552570527113846
142774,143656,2.751658624325263
142774,143660,7.18770718672029
142774,143666,5.6686426683166085
142774,143668,2.092157736033017
142774,143916,3.901476515438314
142774,143942,2.1391214897213207
142774,145202,7.061112712847426
142774,145204,6.926404875193168
142774,145242,5.213567282505076
142774,145250,1.0017076705391383
142774,145262,2.079726650806368
142774,145454,5.424787975286779
142774,145470,6.675079366902639
142774,145498,2.9530368212561044
142774,145506,4.913726022857479
142774,145604,5.514968754274884
142774,157845,3.7292478740247548
142774,157861,4.318418922705289
142774,157871,3.494208756084595
142774,157877,8.261287226760675
142774,157935,1.6245670733779893
142774,161401,1.799075003217201
142774,166459,5.203031684848631
142774,168327,3.6711203973638757
142774,174451,4.833264997706345
142774,174855,7.508606061179209
142774,176569,5.638889683828624
142774,182801,9.077946875874606
142774,183325,7.4099237071453405
142774,186901,6.281162442273719
142774,188539,4.032674041239071
142774,193171,7.482617314713845
142774,193207,8.300051961959168
142774,194635,4.7227446253894785
142774,196233,9.514783922006902
142774,198941,6.039906472047116
142928,142932,0.4309101522288131
142928,143214,3.734890235096295
142928,143216,1.8331797891626693
142928,143226,3.44505931893034
142928,143224,3.556063802408311
142928,143242,2.5813184058578256
142928,143240,2.198822772529259
142928,143246,4.35384864420533
142928,143248,3.4211107858217322
142928,143284,0.5062788300660179
142928,143634,5.624016644695082
142928,143636,4.842081004669706
142928,143648,5.851808671118494
142928,143656,3.009727094049822
142928,143660,2.6627333102277806
142928,143666,2.8399226847630406
142928,143668,2.73189012748035
142928,143916,0.979724825032272
142928,143942,4.180683593346311
142928,145202,3.9818192707202833
142928,145204,2.156538212868383
142928,145242,3.6555676033236635
142928,145250,4.8138305971664135
142928,145262,4.092608747648777
142928,145454,1.0460003619031488
142928,145470,3.5233708058808726
142928,145498,2.5730619382431086
142928,145506,2.9096631686656735
142928,145604,0.7602043108966378
142928,157845,2.4682941305337236
142928,157861,2.0091194149293052
142928,157871,2.24129955417913
142928,157877,4.662118949184275
142928,157935,5.596517575281944
142928,161401,5.068085310224316
142928,166459,4.45601527377482
142928,168327,1.2013228234743216
142928,174451,0.2761394015862545
142928,174855,7.7454210367559435
142928,176569,0.8566727744991665
142928,182801,4.256733050717381
142928,183325,4.445040886717253
142928,186901,1.461562178029919
142928,188539,2.3515156095858973
142928,193171,10.212689599805767
142928,193207,4.026267420667032
142928,194635,0.2649665327843655
142928,196233,4.859617816278145
142928,198941,1.8042562590153723
142932,143214,3.617214248914191
142932,143216,1.8664734820698923
142932,143226,3.3874876042394866
142932,143224,3.809316774985704
142932,143242,2.9935550574369794
142932,143240,2.354761432344072
142932,143246,3.9745574932790166
142932,143248,3.5921699028818144
142932,143284,0.4324194097147974
142932,143634,5.640594055517946
142932,143636,4.810478559249935
142932,143648,5.893986108865954
142932,143656,2.578818934217484
142932,143660,2.8681024807519733
142932,143666,3.098303410768962
142932,143668,2.368504711608086
142932,143916,0.7746209731986654
142932,143942,3.9691220580288253
142932,145202,4.311644800849043
142932,145204,2.5723366867638013
142932,145242,3.798409584533838
142932,145250,4.511837235487867
142932,145262,3.875101168607575
142932,145454,1.1214841529395172
142932,145470,3.425778205502353
142932,145498,2.142154004633831
142932,145506,2.609074896730807
142932,145604,1.1897090253237048
142932,157845,2.0624310224954887
142932,157861,1.658642480956673
142932,157871,1.8189614692225733
142932,157877,4.677948565019539
142932,157935,5.1834725442922736
142932,161401,4.817795284913036
142932,166459,4.1170483345483975
142932,168327,0.7996418031013617
142932,174451,0.37403405808984835
142932,174855,7.8364139158974275
142932,176569,1.280327376354766
142932,182801,4.628914394725293
142932,183325,4.773226204435551
142932,186901,1.8320322697887585
142932,188539,2.377493822572922
142932,193171,10.110535300004315
142932,193207,4.452403033773848
142932,194635,0.2623714819880629
142932,196233,5.283948759280686
142932,198941,1.8789463539838156
143214,143216,5.483254770880829
143214,143226,0.5679843861936265
143214,143224,7.235245462604824
143214,143242,4.569089200635356
143214,143240,5.93182885430263
143214,143246,3.0832751695053155
143214,143248,7.155694887984016
143214,143284,3.2532503693375263
143214,143634,9.235272130789756
143214,143636,8.3640178932708
143214,143648,9.503058541536666
143214,143656,3.9658494577220442
143214,143660,2.5720362554939245
143214,143666,6.524054957412914
143214,143668,5.028432345075863
143214,143916,4.318044829148894
143214,143942,7.145115866092334
143214,145202,7.472289985032081
143214,145204,4.3902711279324995
143214,145242,7.388168209356257
143214,145250,7.217124186297054
143214,145262,7.036734507562358
143214,145454,2.7564474126154273
143214,145470,0.2651747153264186
143214,145498,3.787929606254437
143214,145506,1.8108203320247795
143214,145604,3.978688374058633
143214,157845,2.9939634975379756
143214,157861,2.518376546020188
143214,157871,3.281207747138547
143214,157877,1.6316637369753288
143214,157935,6.555995010043508
143214,161401,7.777515462927924
143214,166459,2.528697999035572
143214,168327,3.884597587377085
143214,174451,3.4650413020832134
143214,174855,11.453133559583682
143214,176569,3.9203903891796807
143214,182801,5.011079547371265
143214,183325,7.925200737471602
143214,186901,3.6229125160050346
143214,188539,5.991335459953625
143214,193171,13.473430914901579
143214,193207,6.655543315292753
143214,194635,3.5238079986774564
143214,196233,6.556787858432764
143214,198941,2.1771339488083905
143216,143226,5.245007116079886
143216,143224,2.322073512167995
143216,143242,3.6529434459537558
143216,143240,0.7367825515433869
143216,143246,5.383673129201611
143216,143248,1.8618679747189835
143216,143284,2.2536452221595433
143216,143634,3.792989282498185
143216,143636,3.0179246088090483
143216,143648,4.032217426015781
143216,143656,3.457076061166557
143216,143660,4.414751068874083
143216,143666,1.7235667096722755
143216,143668,2.340371714901142
143216,143916,1.220254629413281
143216,143942,2.7441032082265924
143216,145202,3.1434896036118065
143216,145204,3.25196681659949
143216,145242,2.002859208083342
143216,145250,3.722356354492932
143216,145262,2.6844724059049345
143216,145454,2.8778135867741383
143216,145470,5.2918554380397
143216,145498,3.095213326300712
143216,145506,4.328665678446082
143216,145604,2.0806933422725513
143216,157845,3.447874874028939
143216,157861,3.321309376856343
143216,157871,3.08736701684066
143216,157877,6.493719742956307
143216,157935,5.31775944640189
143216,161401,3.7244803271905362
143216,166459,5.690325093729036
143216,168327,1.827951693734325
143216,174451,2.0699666442568248
143216,174855,5.972589651699603
143216,176569,2.217246283526626
143216,182801,5.495372029491142
143216,183325,3.5589946312606475
143216,186901,2.9539168467089936
143216,188539,0.5186409046700619
143216,193171,8.433342299176287
143216,193207,4.2244180347808955
143216,194635,1.9889867569583908
143216,196233,5.558884128746376
143216,198941,3.637289401731719
143226,143224,6.872672847272602
143226,143242,4.044345753460116
143226,143240,5.6391363896330615
143226,143246,3.5031572157000745
143226,143248,6.845613984481234
143226,143284,2.9918208975487848
143226,143634,9.028049772366414
143226,143636,8.188031266799918
143226,143648,9.277165452198531
143226,143656,4.1157953877274
143226,143660,2.0151559299869346
143226,143666,6.168600377627622
143226,143668,5.037992562046755
143226,143916,4.126892085897681
143226,143942,7.094019956405756
143226,145202,7.050406516380251
143226,145204,3.888245486070846
143226,145242,7.093993717605524
143226,145250,7.267331496640621
143226,145262,6.988053916070216
143226,145454,2.4210698600936
143226,145470,0.330493187222693
143226,145498,3.8836065094738377
143226,145506,2.0342379924224465
143226,145604,3.597793293838406
143226,157845,3.111952067123413
143226,157861,2.5398767597439087
143226,157871,3.349790762028025
143226,157877,1.4284511216605433
143226,157935,6.806492473266582
143226,161401,7.782769746856386
143226,166459,3.0068617910763247
143226,168327,3.762857851708891
143226,174451,3.186272921179637
143226,174855,11.190345521112468
143226,176569,3.5259141986386573
143226,182801,4.443118694430254
143226,183325,7.497810541194387
143226,186901,3.159530329466334
143226,188539,5.760516339724048
143226,193171,13.391733797056839
143226,193207,6.1376478304549735
143226,194635,3.2588180135058393
143226,196233,5.995420112489046
143226,198941,1.7579946857700843
143224,143242,3.8168784231524913
143224,143240,1.5934096799226123
143224,143246,7.6465216570826104
143224,143248,0.808174345926959
143224,143284,4.061910082233227
143224,143634,3.2884325690772944
143224,143636,3.1153992701748447
143224,143648,3.277566485556728
143224,143656,5.777979880669415
143224,143660,5.464145171980218
143224,143666,0.7162302551286522
143224,143668,4.605091760373305
143224,143916,3.4094106073398995
143224,143942,4.2039092047847495
143224,145202,1.055964523593581
143224,145204,3.594441922137928
143224,145242,1.0724404933944174
143224,145250,5.443361573644395
143224,145262,4.20050259405867
143224,145454,4.478862043931642
143224,145470,7.004343923899747
143224,145498,5.408398421036787
143224,145506,6.417177041415011
143224,145604,3.2759662579446154
143224,157845,5.692252020187105
143224,157861,5.4441660840075405
143224,157871,5.352375356148335
143224,157877,7.892098007365233
143224,157935,7.470952838407433
143224,161401,5.142804334150542
143224,166459,7.887276771154022
143224,168327,4.057050666349808
143224,174451,3.8319814333696915
143224,174855,4.666857099553732
143224,176569,3.355925989193623
143224,182801,5.472897907134962
143224,183325,1.346014201510371
143224,186901,3.881158003401453
143224,188539,2.1159481566098832
143224,193171,8.274084191788308
143224,193207,3.1009798967967406
143224,194635,3.8034117200267934
143224,196233,4.783465676885763
143224,198941,5.119771964046268
143242,143240,3.454686782105329
143242,143246,6.438180488388992
143242,143248,4.218820702313527
143242,143284,2.775836302536873
143242,143634,6.8839825110169945
143242,143636,6.3783163766129265
143242,143648,6.971247018727598
143242,143656,5.521786781842929
143242,143660,2.103691800998709
143242,143666,3.300364932070926
143242,143668,5.285448903434662
143242,143916,3.454915290487135
143242,143942,6.383023624725042
143242,145202,3.5110607305291954
143242,145204,0.42995476314995446
143242,145242,4.550548092468131
143242,145250,7.231195556388227
143242,145262,6.315465899109092
143242,145454,2.488060607978493
143242,145470,4.304004965563615
143242,145498,5.0901973432240775
143242,145506,4.736206878272886
143242,145604,1.8463880228697682
143242,157845,4.800606881031629
143242,157861,4.165739812182212
143242,157871,4.674281770246225
143242,157877,4.590042221709991
143242,157935,8.176344044561276
143242,161401,7.34751671086005
143242,166459,6.310927385648549
143242,168327,3.782476875760881
143242,174451,2.6551733372308655
143242,174855,8.483294890547555
143242,176569,1.7302663114125059
143242,182801,1.8459456725790526
143242,183325,3.8855763279291344
143242,186901,1.2510698105759124
143242,188539,4.044049162906063
143242,193171,11.823801551471655
143242,193207,2.096422879624472
143242,194635,2.7479902075442197
143242,196233,2.3288428061324042
143242,198941,2.548444139793663
143240,143246,6.07074530608448
143240,143248,1.2375670287630454
143240,143284,2.680906288384999
143240,143634,3.563187649426368
143240,143636,2.9416472193680265
143240,143648,3.736120345219717
143240,143656,4.1857079468187095
143240,143660,4.563531338539518
143240,143666,0.9903069846268447
143240,143668,3.0669328093386574
143240,143916,1.845217387284057
143240,143942,3.1668477011628853
143240,145202,2.414006376338592
143240,145204,3.0956724312331154
143240,145242,1.456760631569662
143240,145250,4.266825395470235
143240,145262,3.1275552412840586
143240,145454,3.221658919652625
143240,145470,5.722149259740809
143240,145498,3.815089440438787
143240,145506,4.922938527306335
143240,145604,2.1946744241370033
143240,157845,4.121623835721577
143240,157861,3.9276286102685773
143240,157871,3.772922988826206
143240,157877,6.806204666440189
143240,157935,6.018308045931307
143240,161401,4.158012161304359
143240,166459,6.342455576449857
143240,168327,2.4860494662360764
143240,174451,2.4668261630733332
143240,174855,5.56034929225594
143240,176569,2.3153098263979937
143240,182801,5.29133575076862
143240,183325,2.823997896100994
143240,186901,3.005655808013276
143240,188539,0.721563609416398
143240,193171,8.403517016310392
143240,193207,3.681018111621977
143240,194635,2.410692183504254
143240,196233,5.13445872057732
143240,198941,3.946632789216583
143246,143248,7.243786186146819
143246,143284,3.910764155876456
143246,143634,8.531965962428723
143246,143636,7.5473486644458
143246,143648,8.890669676521908
143246,143656,2.165071968097334
143246,143660,5.003640098593534
143246,143666,6.965749318329926
143246,143668,3.6668328181944165
143246,143916,4.237301943534102
143246,143942,5.7642550357330276
143246,145202,8.263967790624026
143246,145204,6.0994223169725
143246,145242,7.35475381366515
143246,145250,5.311115797570282
143246,145262,5.655114107427594
143246,145454,3.965316260670487
143246,145470,3.202672793768328
143246,145498,2.3738701993281555
143246,145506,1.7405303282053926
143246,145604,5.010122471863796
143246,157845,1.9556802864677298
143246,157861,2.3581678797425187
143246,157871,2.2982573848361647
143246,157877,4.684964638335558
143246,157935,3.8159741828583393
143246,161401,6.045845213427449
143246,166459,0.7311184867178369
143246,168327,3.589480442825559
143246,174451,4.122792406049622
143246,174855,10.958657608571075
143246,176569,5.041468657275378
143246,182801,7.5072850762361645
143246,183325,8.721546791232313
143246,186901,5.207450467602949
143246,188539,5.761709833349316
143246,193171,11.909799952780508
143246,193207,8.277385538169733
143246,194635,4.0916584449357885
143246,196233,8.728238316440029
143246,198941,3.9883029857588608
143248,143284,3.911006873714539
143248,143634,2.6827701014239924
143248,143636,2.3655651385255143
143248,143648,2.7524512990929346
143248,143656,5.271657915248522
143248,143660,5.636662564038512
143248,143666,0.9277105121941039
143248,143668,3.995058669367113
143248,143916,3.0575847861551306
143248,143942,3.408931705625434
143248,145202,1.8641383805541838
143248,145204,3.932432100903438
143248,145242,0.3365963697277307
143248,145250,4.661177764251211
143248,145262,3.4101503475765162
143248,145454,4.424563336070736
143248,145470,6.941080029016136
143248,145498,4.932651708307869
143248,145506,6.153915089270412
143248,145604,3.3158954760109878
143248,157845,5.309620939003218
143248,157861,5.154109592326728
143248,157871,4.948807049383889
143248,157877,7.9683570356925975
143248,157935,6.769759179496794
143248,161401,4.338879363341824
143248,166459,7.548794579263241
143248,168327,3.684604833519311
143248,174451,3.6927765230315726
143248,174855,4.407177459873813
143248,176569,3.4207550116995993
143248,182801,5.972447515157824
143248,183325,2.130644358661943
143248,186901,4.046338091376898
143248,188539,1.5180014407858518
143248,193171,7.665985276167648
143248,193207,3.810300428773533
143248,194635,3.6416242908056806
143248,196233,5.453591621738068
143248,198941,5.127190104900674
143284,143634,6.0421302970459205
143284,143636,5.226449358444772
143284,143648,6.285815892520746
143284,143656,2.7460094998478044
143284,143660,2.4510354345803824
143284,143666,3.3458469162382034
143284,143668,2.727888704447926
143284,143916,1.2066414980192575
143284,143942,4.397219909146676
143284,145202,4.477904502215631
143284,145204,2.3710450364194013
143284,145242,4.136095962496483
143284,145250,4.908942439617823
143284,145262,4.302283299930337
143284,145454,0.6900241867321751
143284,145470,3.04992465373994
143284,145498,2.3152556044590584
143284,145506,2.4158518399273445
143284,145604,1.1039835718374043
143284,157845,2.0823255178747537
143284,157861,1.5531018878352383
143284,157871,1.909324306251732
143284,157877,4.25857135956912
143284,157935,5.445469394686818
143284,161401,5.236210318843838
143284,166459,3.977139360579444
143284,168327,1.1448407585502705
143284,174451,0.23236285566596857
143284,174855,8.206602032131519
143284,176569,1.1520725655335835
143284,182801,4.322268495479395
143284,183325,4.941256486505495
143284,186901,1.554917512794628
143284,188539,2.770178860389886
143284,193171,10.540931027620179
143284,193207,4.397396988750526
143284,194635,0.2705655235766141
143284,196233,5.096631166066739
143284,198941,1.446762783509588
143634,143636,0.9953461469762236
143634,143648,0.4186375261108173
143634,143656,6.37182023178859
143634,143660,8.122775439741469
143634,143666,3.610319019051705
143634,143668,4.872081886457055
143634,143916,4.91728175819904
143634,143942,3.0395310253220287
143634,145202,4.183489193814661
143634,145204,6.574761980792593
143634,145242,2.346350968425126
143634,145250,4.175932033557521
143634,145262,3.1237840387563605
143634,145454,6.669757233711538
143634,145470,9.057566576037562
143634,145498,6.178330478476901
143634,145506,7.891263040742749
143634,145604,5.750541351773355
143634,157845,6.800712476294173
143634,157861,6.898408182663425
143634,157871,6.415982715090981
143634,157877,10.286027744611951
143634,157935,6.760298954241988
143634,161401,3.4795958519081625
143634,166459,9.012543306085572
143634,168327,5.39417460178732
143634,174451,5.862826034802631
143634,174855,2.4482521145371394
143634,176569,5.87473379337907
143634,182801,8.654289000598943
143634,183325,4.221378273106826
143634,186901,6.56825097143747
143634,188539,3.2744705905631486
143634,193171,4.99200054293559
143634,193207,6.38444031987882
143634,194635,5.780124609422341
143634,196233,8.07189756625216
143634,198941,7.425995063850145
143636,143648,1.3886156525162785
143636,143656,5.384720490433887
143636,143660,7.422980651611402
143636,143666,3.240671279773155
143636,143668,3.8833798018660444
143636,143916,4.061178797989229
143636,143942,2.0755542952591153
143636,145202,4.12806885941597
143636,145204,6.03269891811696
143636,145242,2.0521441223881713
143636,145250,3.270870987971974
143636,145262,2.152793929595114
143636,145454,5.879373571045775
143636,145470,8.197703785732791
143636,145498,5.2022791659462335
143636,145506,6.959207400496131
143636,145604,5.0619084183279455
143636,157845,5.843725864520416
143636,157861,5.977279941520698
143636,157871,5.459929196127179
143636,157877,9.484965582686591
143636,157935,5.820542367007679
143636,161401,2.637767949377268
143636,166459,8.039692095247512
143636,168327,4.492210648834892
143636,174451,5.063658147811968
143636,174855,3.4435432547382048
143636,176569,5.193243011504017
143636,182801,8.19747045515933
143636,183325,4.273529534741783
143636,186901,5.913372788963917
143636,188539,2.507741290428428
143636,193171,5.462529833516416
143636,193207,6.175849739526682
143636,194635,4.972969334983125
143636,196233,7.809414219789818
143636,198941,6.643945184307413
143648,143656,6.735461412611608
143648,143660,8.297861148241989
143648,143666,3.6742659839532092
143648,143668,5.239665893674528
143648,143916,5.188738158563569
143648,143942,3.4501513569225644
143648,145202,4.103802491073818
143648,145204,6.680536890088682
143648,145242,2.4222086697304848
143648,145250,4.5942728804266855
143648,145262,3.532460024274756
143648,145454,6.8972028464404955
143648,145470,9.318576976601005
143648,145498,6.528838360005581
143648,145506,8.202056520081303
143648,145604,5.930794434116486
143648,157845,7.132668287986554
143648,157861,7.203069857318255
143648,157871,6.7477581515991
143648,157877,10.510414719003297
143648,157935,7.176746868900012
143648,161401,3.8974428964986574
143648,166459,9.357113720383456
143648,168327,5.6903675310484045
143648,174451,6.0984449162912435
143648,174855,2.0697892054482834
143648,176569,6.050730098145273
143648,182801,8.711252438521369
143648,183325,4.0964074711723715
143648,186901,6.727380370473027
143648,188539,3.5170456043289544
143648,193171,5.013547192099194
143648,193207,6.344602809595906
143648,194635,6.020406857875918
143648,196233,8.045420856337847
143648,198941,7.646307725508237
143656,143660,4.777682939353461
143656,143666,5.148117040869673
143656,143668,1.5021278686450716
143656,143916,2.489081499960077
143656,143942,3.624489440461965
143656,145202,6.532747674832635
143656,145204,5.114304643688423
143656,145242,5.338724129623575
143656,145250,3.347787338770345
143656,145262,3.5140159433143348
143656,145454,3.164825051595394
143656,145470,3.936507532608999
143656,145498,0.4366652692156995
143656,145506,2.162088312446708
143656,145604,3.7670006403820975
143656,157845,1.011571742633356
143656,157861,1.6845319127821028
143656,157871,0.9025627528760046
143656,157877,5.5324992920298985
143656,157935,2.820810564580278
143656,161401,4.0120787119053585
143656,166459,2.7139251931761197
143656,168327,1.8933811192825805
143656,174451,2.8786049809359113
143656,174855,8.804945039240096
143656,176569,3.8499525262136616
143656,182801,7.001259574610868
143656,183325,6.97135173047832
143656,186901,4.293510635983932
143656,188539,3.756248432920852
143656,193171,9.868772564791469
143656,193207,7.014082716204668
143656,194635,2.797278088269264
143656,196233,7.839355343925799
143656,198941,3.601228066769022
143660,143666,4.8158795234556235
143660,143668,5.13719928571992
143660,143916,3.6153455762524964
143660,143942,6.829297393836146
143660,145202,5.41662126629957
143660,145204,2.0466596786982305
143660,145242,5.9347087506830665
143660,145250,7.351888269309884
143660,145262,6.737616185446468
143660,145454,1.7809457562564308
143660,145470,2.311012762594284
143660,145498,4.406929698093
143660,145506,3.274262087035915
143660,145604,2.3724171016755804
143660,157845,3.8327488492147803
143660,157861,3.123245967281474
143660,157871,3.877374483594843
143660,157877,2.514685842391731
143660,157935,7.597241721938202
143660,161401,7.685548384581727
143660,166459,4.695031058915333
143660,168327,3.5748359000928587
143660,174451,2.5158385659832234
143660,174855,10.041410071600419
143660,176569,2.2484783688558436
143660,182801,2.5262785197972546
143660,183325,5.834913794673244
143660,186901,1.5929150586797725
143660,188539,4.916711169760545
143660,193171,12.846000984092793
143660,193207,4.192663720509219
143660,194635,2.6272030218637346
143660,196233,3.986525848552837
143660,198941,1.1768758411184834
143666,143668,4.057140173813977
143666,143916,2.731602281135981
143666,143942,3.959366733606617
143666,145202,1.4245443935580295
143666,145204,3.0297154576848917
143666,145242,1.263972960182756
143666,145250,5.137280856072832
143666,145262,3.9377555154473884
143666,145454,3.767723947965365
143666,145470,6.294946101131403
143666,145498,4.764776781067893
143666,145506,5.707229598062231
143666,145604,2.576756743404831
143666,157845,5.010076057222954
143666,157861,4.73985684331349
143666,157871,4.678595613244712
143666,157877,7.213477463200917
143666,157935,6.996886457067092
143666,161401,4.935351582784885
143666,166459,7.188687821734208
143666,168327,3.380098107285344
143666,174451,3.1158054585867334
143666,174855,5.24418604072771
143666,176569,2.663077219882308
143666,182801,5.044792155835175
143666,183325,1.8356707555646612
143666,186901,3.224396662559997
143666,188539,1.6378959053113082
143666,193171,8.590569434008323
143666,193207,2.974937885897935
143666,194635,3.087884851487819
143666,196233,4.572222856397768
143666,198941,4.4196580467566156
143668,143916,1.8399151435049275
143668,143942,2.1844627668708347
143668,145202,5.4807786661949205
143668,145204,4.855807982450615
143668,145242,4.008101268230439
143668,145250,2.253381199646233
143668,145262,2.073075319799278
143668,145454,3.3604047179020666
143668,145470,4.935594374304561
143668,145498,1.3738495654335945
143668,145506,3.3444310951204175
143668,145604,3.4394307229643326
143668,157845,2.123398176735386
143668,157861,2.5131760274527486
143668,157871,1.7736464291612932
143668,157877,6.459438870360291
143668,157935,3.0206863754348756
143668,161401,2.750172328753734
143668,166459,4.190875221552601
143668,168327,1.583525802594998
143668,174451,2.7417038190339094
143668,174855,7.309445770064105
143668,176569,3.5596337020008417
143668,182801,6.987889529189063
143668,183325,5.887602725089006
143668,186901,4.190122294480806
143668,188539,2.495601614630568
143668,193171,8.507949607975403
143668,193207,6.385631677826788
143668,194635,2.630874929926748
143668,196233,7.490156397372185
143668,198941,4.016154852810715
143916,143942,3.2141262983941075
143916,145202,4.071156669452703
143916,145204,3.024971894302266
143916,145242,3.2193398113350993
143916,145250,3.84107947670707
143916,145262,3.1232783088486555
143916,145454,1.8935386528849776
143916,145470,4.142086085275302
143916,145498,2.0765142407407726
143916,145506,3.108780004013594
143916,145604,1.6155472785935658
143916,157845,2.282889964150841
143916,157861,2.1023990696567942
143916,157871,1.9470070969809112
143916,157877,5.441693046756467
143916,157935,4.813763863648956
143916,161401,4.089736562393511
143916,166459,4.497534539451537
143916,168327,0.6485742150044939
143916,174451,1.1006440390718266
143916,174855,7.167726053430565
143916,176569,1.742670162957951
143916,182801,5.197077630265412
143916,183325,4.519633149087933
143916,186901,2.4213043684717572
143916,188539,1.697628000385375
143916,193171,9.336771459784144
143916,193207,4.611421129811085
143916,194635,0.9912694234903426
143916,196233,5.651972885172901
143916,198941,2.653400849895785
143942,145202,5.248907661361956
143942,145204,5.972287148051864
143942,145242,3.236273150151534
143942,145250,1.2865769002455496
143942,145262,0.11142019819411957
143942,145454,5.0865159783588645
143942,145470,7.028373574738892
143942,145498,3.5554378091639167
143942,145506,5.516635721878391
143942,145604,4.685319460059103
143942,157845,4.304698408914162
143942,157861,4.632600621267575
143942,157871,3.9456652068757405
143942,157877,8.489518057387457
143942,157935,3.750245365768349
143942,161401,0.991507466692549
143942,166459,6.338384208982315
143942,168327,3.3652773618685132
143942,174451,4.313651838759513
143942,174855,5.462133515548156
143942,176569,4.823796416866126
143942,182801,8.21628945484886
143942,183325,5.539512127921773
143942,186901,5.553959510935271
143942,188539,2.453638954239302
143942,193171,6.337882347226786
143942,193207,6.8453705704796945
143942,194635,4.202847863607708
143942,196233,8.278219022816348
143942,198941,5.827892820087197
145202,145204,3.40219865279519
145202,145242,2.114848273978134
145202,145250,6.475294566042289
145202,145262,5.241609580935125
145202,145454,4.7617215950937375
145202,145470,7.225196070828748
145202,145498,6.136792579349036
145202,145506,6.89138024354192
145202,145604,3.516616938060872
145202,157845,6.3154941856874975
145202,157861,5.969862523763115
145202,157871,6.0051619001362475
145202,157877,7.91818611327695
145202,157935,8.416744930352289
145202,161401,6.195002783282762
145202,166459,8.427691844118486
145202,168327,4.712330747050314
145202,174451,4.24647667777191
145202,174855,5.178186392311359
145202,176569,3.5590770159445375
145202,182801,4.946149757902065
145202,183325,0.4633522629200456
145202,186901,3.915713786776213
145202,188539,3.0477053983216242
145202,193171,9.11470452536695
145202,193207,2.27689208057352
145202,194635,4.244928348422437
145202,196233,3.986898277573504
145202,198941,5.300657878777658
145204,145242,4.258936852219628
145204,145250,6.806201442556526
145204,145262,5.902951547560237
145204,145454,2.1349345867284844
145204,145470,4.126885904417731
145204,145498,4.681109984459021
145204,145506,4.418610555664801
145204,145604,1.4172132146975613
145204,157845,4.417409364801023
145204,157861,3.7988257697545293
145204,157871,4.276795342959277
145204,157877,4.561186180696992
145204,157935,7.75292603080001
145204,161401,6.932478284173814
145204,166459,6.005217112762489
145204,168327,3.3578353241721097
145204,174451,2.2403042885619846
145204,174855,8.254981111629208
145204,176569,1.3029147475499299
145204,182801,2.244935384655484
145204,183325,3.8055732575555585
145204,186901,0.8921837174469285
145204,188539,3.658832492352232
145204,193171,11.488906875159996
145204,193207,2.281526509232453
145204,194635,2.3301997549806788
145204,196233,2.725643008297221
145204,198941,2.2914138314557513
145242,145250,4.5072081637988415
145242,145262,3.2472560623944497
145242,145454,4.674511582519644
145242,145470,7.178909283331595
145242,145498,5.017963411749174
145242,145506,6.327258876859143
145242,145604,3.596792538331008
145242,157845,5.437561586300247
145242,157861,5.32173314780581
145242,157871,5.069322642454372
145242,157877,8.24125341003427
145242,157935,6.699913378063036
145242,161401,4.137993574589519
145242,166459,7.687341192025975
145242,168327,3.8295142014115586
145242,174451,3.923353626964943
145242,174855,4.1223537469685505
145242,176569,3.706239563703378
145242,182801,6.308431154509956
145242,183325,2.3350949506434664
145242,186901,4.347969475744952
145242,188539,1.593749067924602
145242,193171,7.32960377554388
145242,193207,4.128975313676411
145242,194635,3.8656440918006054
145242,196233,5.781267838259088
145242,198941,5.39009778317198
145250,145262,1.2618683149441403
145250,145454,5.571124887991466
145250,145470,7.144922908611527
145250,145498,3.43775576945
145250,145506,5.4614029283828796
145250,145604,5.43412980795689
145250,157845,4.2349223643961365
145250,157861,4.728447822713219
145250,157871,3.936498209836454
145250,157877,8.69377744139209
145250,157935,2.6080026163059316
145250,161401,0.8022169641926931
145250,166459,5.966765661258795
145250,168327,3.7772455173082826
145250,174451,4.8824287466122485
145250,174855,6.522222462629712
145250,176569,5.567330063551012
145250,182801,9.021457016787352
145250,183325,6.78666985004353
145250,186901,6.261997113740024
145250,188539,3.5462558974052625
145250,193171,6.603220177847445
145250,193207,7.931749892075422
145250,194635,4.768762543630946
145250,196233,9.270548462073084
145250,198941,6.254668792650852
145262,145454,4.991134206521496
145262,145470,6.920930191975339
145262,145498,3.4440215288931917
145262,145506,5.405854399765986
145262,145604,4.6067406648739
145262,157845,4.19349375079766
145262,157861,4.5235108554131225
145262,157871,3.8347627874061057
145262,157877,8.384981049991136
145262,157935,3.6831568979006453
145262,161401,1.040661793530499
145262,166459,6.227859547096494
145262,168327,3.2636362720940286
145262,174451,4.2217781422458485
145262,174855,5.5520008524622595
145262,176569,4.745003902576953
145262,182801,8.145973487800337
145262,183325,5.539607448751567
145262,186901,5.473338291034144
145262,188539,2.410748447266726
145262,193171,6.447959312310775
145262,193207,6.8081999747648885
145262,194635,4.110605592270199
145262,196233,8.228163981829592
145262,198941,5.730454636355865
145454,145470,2.5283822449647992
145454,145498,2.756576588022566
145454,145506,2.3083099731249654
145454,145604,1.245107056511617
145454,157845,2.3413156772592236
145454,157861,1.6814700959166105
145454,157871,2.273033823643332
145454,157877,3.616271762821939
145454,157935,5.945503670886333
145454,161401,5.918482289329084
145454,166459,3.9036356543790425
145454,168327,1.7939346276669008
145454,174451,0.8168935633637255
145454,174855,8.779471174943724
145454,176569,1.2127753193744506
145454,182801,3.83693429983881
145454,183325,5.2212212987178495
145454,186901,1.2441405734674773
145454,188539,3.39640116176021
145454,193171,11.220516021522757
145454,193207,4.33856307728048
145454,194635,0.9139733348447416
145454,196233,4.807288628999176
145454,198941,0.7665783165100978
145470,145498,3.7319363557638194
145470,145506,1.8093037364441371
145470,145604,3.740309245499345
145470,157845,2.946000941001563
145470,157861,2.422964729955398
145470,157871,3.2109361885947516
145470,157877,1.6023983619197104
145470,157935,6.581275487204283
145470,161401,7.685571712163311
145470,166459,2.68732204331973
145470,168327,3.734320940136535
145470,174451,3.2565291250438246
145470,174855,11.255993117873697
145470,176569,3.67833746511054
145470,182801,4.762986504483717
145470,183325,7.676849295970505
145470,186901,3.3650613876993183
145470,188539,5.803082318578966
145470,193171,13.346432990766125
145470,193207,6.390905857362462
145470,194635,3.3200126858711427
145470,196233,6.2969456128754855
145470,198941,1.9258491424203503
145498,145506,2.0254136598794448
145498,145604,3.3304388716754234
145498,157845,0.7972568988539399
145498,157861,1.3742796701834779
145498,157871,0.5494749261996715
145498,157877,5.31039836577479
145498,157935,3.197230729042772
145498,161401,4.0450030620698385
145498,166459,2.8382342791717736
145498,168327,1.4664213682395961
145498,174451,2.4437219578049207
145498,174855,8.593888818158385
145498,176569,3.413896572755656
145498,182801,6.588820837793413
145498,183325,6.579513576284236
145498,186901,3.8660769377680335
145498,188539,3.4263208112503993
145498,193171,9.86232083183083
145498,193207,6.579329693288787
145498,194635,2.361402103035494
145498,196233,7.405571250244206
145498,198941,3.230641606392226
145506,145604,3.461077279128054
145506,157845,1.2313138319197314
145506,157861,1.0092977595759727
145506,157871,1.5718054589989106
145506,157877,3.411056534647159
145506,157935,4.774838284955906
145506,161401,6.065187241575509
145506,166459,1.5955609407952103
145506,168327,2.5276949180306927
145506,174451,2.646067745953666
145506,174855,10.226784588757969
145506,176569,3.4670794454950356
145506,182801,5.768261141934385
145506,183325,7.354641851802765
145506,186901,3.5289311643716603
145506,188539,4.790554200873019
145506,193171,11.850722345553097
145506,193207,6.646671980204053
145506,194635,2.6472842851192526
145506,196233,7.00436507467605
145506,198941,2.2504664311284968
145604,157845,3.1792338059598677
145604,157861,2.65216668004103
145604,157871,2.9791828412095627
145604,157877,4.654483577969296
145604,157935,6.34629564102747
145604,161401,5.616859051952983
145604,166459,5.045269102959994
145604,168327,1.952432943282588
145604,174451,0.9121259292406665
145604,174855,7.718488226231451
145604,176569,0.13896318119530815
145604,182801,3.5882977744138747
145604,183325,3.9762004872271466
145604,186901,0.8777184287870176
145604,188539,2.564863590912791
145604,193171,10.505305726425991
145604,193207,3.2969005705612537
145604,194635,0.9762692448491864
145604,196233,4.10239750402733
145604,198941,1.8438752398290186
157845,157861,0.7095482707184106
157845,157871,0.38491806522243627
157845,157877,4.534040121763544
157845,157935,3.8016893995352627
157845,161401,4.834020240669014
157845,166459,2.255838850603896
157845,168327,1.63634634037813
157845,174451,2.268087434632607
157845,174855,9.183459370593884
157845,176569,3.2341770456909287
157845,182801,6.151410465993511
157845,183325,6.7714289861159305
157845,186901,3.5503195355380046
157845,188539,3.8524062031518826
157845,193171,10.630920606927717
157845,193207,6.4761343199858254
157845,194635,2.216450951722877
157845,196233,7.129119165276276
157845,198941,2.6656818234545616
157861,157871,0.8260276707468187
157861,157877,3.9677547672668103
157861,157935,4.498365644819759
157861,161401,5.263348315022557
157861,166459,2.458430414750377
157861,168327,1.519760940613738
157861,174451,1.7683353315636992
157861,174855,9.221731046041729
157861,176569,2.686281927534011
157861,182801,5.457308509815938
157861,183325,6.431675652340769
157861,186901,2.9161327107152957
157861,188539,3.7812605051304757
157861,193171,10.967696237746129
157861,193207,5.929303166830017
157861,194635,1.7446211048007758
157861,196233,6.488344157581356
157861,198941,1.9568035284371446
157871,157877,4.778036328794687
157871,157935,3.719870200139795
157871,161401,4.507457411382724
157871,166459,2.6343389787710225
157871,168327,1.2986728571206763
157871,174451,2.0700716283304117
157871,174855,8.79887589166229
157871,176569,3.0474571240255246
157871,182801,6.109415257624536
157871,183325,6.45789443248089
157871,186901,3.4330025329982545
157871,188539,3.4806371645379386
157871,193171,10.27891706180553
157871,193207,6.267186957439877
157871,194635,2.003646797686555
157871,196233,7.000666224767251
157871,198941,2.7005583891471985
157877,157935,8.178807123372279
157877,161401,9.199451110526473
157877,166459,4.078127416807664
157877,168327,5.1357147415349775
157877,174451,4.425921187371116
157877,174855,12.362378521815248
157877,176569,4.556254827699049
157877,182801,4.395495546408568
157877,183325,8.342768206552103
157877,186901,4.025204556013163
157877,188539,7.0123573878641645
157877,193171,14.758980368801117
157877,193207,6.644963402557437
157877,194635,4.513249061150378
157877,196233,6.127509528044029
157877,198941,2.864449489982478
157935,161401,3.38306103959258
157935,166459,4.547069412603499
157935,168327,4.3955344564064545
157935,174451,5.531791560283019
157935,174855,9.128909278462267
157935,176569,6.452160998994614
157935,182801,9.761708546131306
157935,183325,8.79703815400774
157935,186901,6.995511810065041
157935,188539,5.371378324041605
157935,193171,8.779354016308057
157935,193207,9.40266031923224
157935,194635,5.433366315068143
157935,196233,10.444337940786307
157935,198941,6.4204257701853935
161401,166459,6.68187755888236
161401,168327,4.1470418745705695
161401,174451,5.176251868281296
161401,174855,5.7708227203148565
161401,176569,5.754276566833113
161401,182801,9.172989192221358
161401,183325,6.4649997091415194
161401,186901,6.4757491550063495
161401,188539,3.445116939182305
161401,193171,5.8681267784525675
161401,193207,7.835358240157489
161401,194635,5.063377482363625
161401,196233,9.267863108245553
161401,198941,6.637984851155726
166459,168327,3.8641899340836994
166459,174451,4.202748620578758
166459,174855,11.417012726135864
166459,176569,5.056703736265716
166459,182801,7.220692163621963
166459,183325,8.889743721600382
166459,186901,5.118237618187765
166459,188539,6.1063892567291855
166459,193171,12.549981798638054
166459,193207,8.24153251847227
166459,194635,4.191130671083925
166459,196233,8.549624047753923
166459,198941,3.785939054415364
168327,174451,1.1670452657399335
168327,174855,7.702764934471844
168327,176569,2.0566369204632173
168327,182801,5.427832621409833
168327,183325,5.1629971341136685
168327,186901,2.6316167464058497
168327,188539,2.267760000635549
168327,193171,9.629864150965115
168327,193207,5.1323442798395025
168327,194635,1.0594979263201398
168327,196233,6.054427272964703
168327,198941,2.4921807790231902
174451,174855,8.005123287225608
174451,176569,0.9777300056925822
174451,182801,4.261611988175074
174451,183325,4.709821601399925
174451,186901,1.4686740145369344
174451,188539,2.5883664509957955
174451,193171,10.40728859640834
174451,193207,4.208486564929985
174451,194635,0.11371322809828914
174451,196233,4.962590184255745
174451,198941,1.583326686498522
174855,176569,7.826189961221888
174855,182801,10.089839946394997
174855,183325,4.990376773695787
174855,186901,8.44928377926929
174855,188539,5.472280702743811
174855,193171,4.640247519004144
174855,193207,7.433826708945379
174855,194635,7.937020726316615
174855,196233,9.13083187929138
174855,198941,9.50652049439468
176569,182801,3.456783515235453
176569,183325,4.01629340925959
176569,186901,0.7391818143798753
176569,188539,2.6989363526758408
176569,193171,10.639125825923186
176569,193207,3.2470371139105407
176569,194635,1.0528289379011067
176569,196233,4.003888840236818
176569,198941,1.7683318867694005
182801,183325,5.230350084344932
182801,186901,2.7984069907487243
182801,188539,5.889889250232359
182801,193171,13.62265459246659
182801,193207,2.8869350198979933
182801,194635,4.3683347006341915
182801,196233,1.7813372547882091
182801,198941,3.544923338783241
183325,186901,4.3543274640487795
183325,188539,3.4268270010777018
183325,193171,9.080580156486388
183325,193207,2.4518636848344797
183325,194635,4.708057153553425
183325,196233,4.140763943108564
183325,198941,5.751403312931786
186901,188539,3.4293640740528213
186901,193171,11.366414537177052
186901,193207,3.138108392095488
186901,194635,1.572884426147424
186901,196233,3.578856479110785
186901,198941,1.4623474984115294
188539,193171,7.940446335114405
188539,193207,4.4006619197921175
188539,194635,2.5065184093042236
188539,196233,5.829994688111076
188539,198941,4.155412684658049
193171,193207,11.356827202595175
193171,194635,10.306799596496418
193171,196233,13.054141985828707
193171,198941,11.985617446787005
193207,194635,4.265959138093065
193207,196233,1.7102957457087489
193207,198941,4.57222139977029
194635,196233,5.049001100607484
194635,198941,1.6801936282518206
196233,198941,4.764643284888679
